2026-07-15 22:45:18,164 [INFO] Adding job tentatively -- it will be properly scheduled when the scheduler starts
2026-07-15 22:45:18,168 [INFO] Adding job tentatively -- it will be properly scheduled when the scheduler starts
2026-07-15 22:45:18,168 [INFO] Adding job tentatively -- it will be properly scheduled when the scheduler starts
2026-07-15 22:45:18,169 [INFO] Added job "cron_recuperar_carritos" to job store "default"
2026-07-15 22:45:18,169 [INFO] Added job "cron_reporte_mensual" to job store "default"
2026-07-15 22:45:18,169 [INFO] Added job "cron_respaldo_semanal" to job store "default"
2026-07-15 22:45:18,169 [INFO] Scheduler started
2026-07-15 22:45:56,556 [INFO] Adding job tentatively -- it will be properly scheduled when the scheduler starts
2026-07-15 22:45:56,561 [INFO] Adding job tentatively -- it will be properly scheduled when the scheduler starts
2026-07-15 22:45:56,561 [INFO] Adding job tentatively -- it will be properly scheduled when the scheduler starts
2026-07-15 22:45:56,561 [INFO] Added job "cron_recuperar_carritos" to job store "default"
2026-07-15 22:45:56,562 [INFO] Added job "cron_reporte_mensual" to job store "default"
2026-07-15 22:45:56,562 [INFO] Added job "cron_respaldo_semanal" to job store "default"
2026-07-15 22:45:56,562 [INFO] Scheduler started
2026-07-15 23:02:04,366 [INFO] Adding job tentatively -- it will be properly scheduled when the scheduler starts
2026-07-15 23:02:04,371 [INFO] Adding job tentatively -- it will be properly scheduled when the scheduler starts
2026-07-15 23:02:04,372 [INFO] Adding job tentatively -- it will be properly scheduled when the scheduler starts
2026-07-15 23:02:04,372 [INFO] Added job "cron_recuperar_carritos" to job store "default"
2026-07-15 23:02:04,372 [INFO] Added job "cron_reporte_mensual" to job store "default"
2026-07-15 23:02:04,372 [INFO] Added job "cron_respaldo_semanal" to job store "default"
2026-07-15 23:02:04,372 [INFO] Scheduler started
2026-07-15 23:02:43,946 [INFO] Adding job tentatively -- it will be properly scheduled when the scheduler starts
2026-07-15 23:02:43,951 [INFO] Adding job tentatively -- it will be properly scheduled when the scheduler starts
2026-07-15 23:02:43,951 [INFO] Adding job tentatively -- it will be properly scheduled when the scheduler starts
2026-07-15 23:02:43,952 [INFO] Added job "cron_recuperar_carritos" to job store "default"
2026-07-15 23:02:43,952 [INFO] Added job "cron_reporte_mensual" to job store "default"
2026-07-15 23:02:43,952 [INFO] Added job "cron_respaldo_semanal" to job store "default"
2026-07-15 23:02:43,952 [INFO] Scheduler started
2026-07-15 23:03:34,764 [INFO] Adding job tentatively -- it will be properly scheduled when the scheduler starts
2026-07-15 23:03:34,768 [INFO] Adding job tentatively -- it will be properly scheduled when the scheduler starts
2026-07-15 23:03:34,768 [INFO] Adding job tentatively -- it will be properly scheduled when the scheduler starts
2026-07-15 23:03:34,769 [INFO] Added job "cron_recuperar_carritos" to job store "default"
2026-07-15 23:03:34,769 [INFO] Added job "cron_reporte_mensual" to job store "default"
2026-07-15 23:03:34,769 [INFO] Added job "cron_respaldo_semanal" to job store "default"
2026-07-15 23:03:34,769 [INFO] Scheduler started
2026-07-15 23:10:23,914 [INFO] Adding job tentatively -- it will be properly scheduled when the scheduler starts
2026-07-15 23:10:23,919 [INFO] Adding job tentatively -- it will be properly scheduled when the scheduler starts
2026-07-15 23:10:23,919 [INFO] Adding job tentatively -- it will be properly scheduled when the scheduler starts
2026-07-15 23:10:23,919 [INFO] Added job "cron_recuperar_carritos" to job store "default"
2026-07-15 23:10:23,919 [INFO] Added job "cron_reporte_mensual" to job store "default"
2026-07-15 23:10:23,919 [INFO] Added job "cron_respaldo_semanal" to job store "default"
2026-07-15 23:10:23,919 [INFO] Scheduler started
2026-07-15 23:41:32,382 [INFO] Adding job tentatively -- it will be properly scheduled when the scheduler starts
2026-07-15 23:41:32,387 [INFO] Adding job tentatively -- it will be properly scheduled when the scheduler starts
2026-07-15 23:41:32,387 [INFO] Adding job tentatively -- it will be properly scheduled when the scheduler starts
2026-07-15 23:41:32,387 [INFO] Added job "cron_recuperar_carritos" to job store "default"
2026-07-15 23:41:32,388 [INFO] Added job "cron_reporte_mensual" to job store "default"
2026-07-15 23:41:32,388 [INFO] Added job "cron_respaldo_semanal" to job store "default"
2026-07-15 23:41:32,388 [INFO] Scheduler started
2026-07-16 00:41:58,765 [WARNING] Run time of job "cron_recuperar_carritos (trigger: interval[1:00:00], next run at: 2026-07-16 00:41:32 CST)" was missed by 0:00:26.381703
2026-07-16 10:28:08,921 [WARNING] Run time of job "cron_recuperar_carritos (trigger: interval[1:00:00], next run at: 2026-07-16 10:41:32 CST)" was missed by 0:46:36.538857
2026-07-16 10:28:08,923 [WARNING] Run time of job "cron_reporte_mensual (trigger: cron[hour='8', minute='0'], next run at: 2026-07-17 08:00:00 CST)" was missed by 2:28:08.923239
2026-07-16 10:41:32,386 [INFO] Running job "cron_recuperar_carritos (trigger: interval[1:00:00], next run at: 2026-07-16 11:41:32 CST)" (scheduled at 2026-07-16 10:41:32.382378-06:00)
2026-07-16 10:41:32,422 [INFO] Job "cron_recuperar_carritos (trigger: interval[1:00:00], next run at: 2026-07-16 11:41:32 CST)" executed successfully
2026-07-16 11:41:32,384 [INFO] Running job "cron_recuperar_carritos (trigger: interval[1:00:00], next run at: 2026-07-16 12:41:32 CST)" (scheduled at 2026-07-16 11:41:32.382378-06:00)
2026-07-16 11:41:32,395 [INFO] Job "cron_recuperar_carritos (trigger: interval[1:00:00], next run at: 2026-07-16 12:41:32 CST)" executed successfully
2026-07-16 13:07:39,682 [WARNING] Run time of job "cron_recuperar_carritos (trigger: interval[1:00:00], next run at: 2026-07-16 13:41:32 CST)" was missed by 0:26:07.300161
2026-07-16 13:50:06,304 [WARNING] Run time of job "cron_recuperar_carritos (trigger: interval[1:00:00], next run at: 2026-07-16 14:41:32 CST)" was missed by 0:08:33.922415
2026-07-16 14:41:32,383 [INFO] Running job "cron_recuperar_carritos (trigger: interval[1:00:00], next run at: 2026-07-16 15:41:32 CST)" (scheduled at 2026-07-16 14:41:32.382378-06:00)
2026-07-16 14:41:32,392 [INFO] Job "cron_recuperar_carritos (trigger: interval[1:00:00], next run at: 2026-07-16 15:41:32 CST)" executed successfully
2026-07-16 15:11:32,746 [INFO] Adding job tentatively -- it will be properly scheduled when the scheduler starts
2026-07-16 15:11:32,751 [INFO] Adding job tentatively -- it will be properly scheduled when the scheduler starts
2026-07-16 15:11:32,751 [INFO] Adding job tentatively -- it will be properly scheduled when the scheduler starts
2026-07-16 15:11:32,752 [INFO] Added job "cron_recuperar_carritos" to job store "default"
2026-07-16 15:11:32,752 [INFO] Added job "cron_reporte_mensual" to job store "default"
2026-07-16 15:11:32,752 [INFO] Added job "cron_respaldo_semanal" to job store "default"
2026-07-16 15:11:32,752 [INFO] Scheduler started
2026-07-16 15:11:47,023 [INFO] Adding job tentatively -- it will be properly scheduled when the scheduler starts
2026-07-16 15:11:47,026 [INFO] Adding job tentatively -- it will be properly scheduled when the scheduler starts
2026-07-16 15:11:47,026 [INFO] Adding job tentatively -- it will be properly scheduled when the scheduler starts
2026-07-16 15:11:47,027 [INFO] Added job "cron_recuperar_carritos" to job store "default"
2026-07-16 15:11:47,027 [INFO] Added job "cron_reporte_mensual" to job store "default"
2026-07-16 15:11:47,027 [INFO] Added job "cron_respaldo_semanal" to job store "default"
2026-07-16 15:11:47,027 [INFO] Scheduler started
2026-07-16 15:12:15,323 [INFO] Adding job tentatively -- it will be properly scheduled when the scheduler starts
2026-07-16 15:12:15,327 [INFO] Adding job tentatively -- it will be properly scheduled when the scheduler starts
2026-07-16 15:12:15,327 [INFO] Adding job tentatively -- it will be properly scheduled when the scheduler starts
2026-07-16 15:12:15,327 [INFO] Added job "cron_recuperar_carritos" to job store "default"
2026-07-16 15:12:15,327 [INFO] Added job "cron_reporte_mensual" to job store "default"
2026-07-16 15:12:15,327 [INFO] Added job "cron_respaldo_semanal" to job store "default"
2026-07-16 15:12:15,327 [INFO] Scheduler started
2026-07-16 15:12:34,236 [INFO] Adding job tentatively -- it will be properly scheduled when the scheduler starts
2026-07-16 15:12:34,242 [INFO] Adding job tentatively -- it will be properly scheduled when the scheduler starts
2026-07-16 15:12:34,242 [INFO] Adding job tentatively -- it will be properly scheduled when the scheduler starts
2026-07-16 15:12:34,243 [INFO] Added job "cron_recuperar_carritos" to job store "default"
2026-07-16 15:12:34,243 [INFO] Added job "cron_reporte_mensual" to job store "default"
2026-07-16 15:12:34,243 [INFO] Added job "cron_respaldo_semanal" to job store "default"
2026-07-16 15:12:34,243 [INFO] Scheduler started
2026-07-16 15:13:30,394 [INFO] Adding job tentatively -- it will be properly scheduled when the scheduler starts
2026-07-16 15:13:30,397 [INFO] Adding job tentatively -- it will be properly scheduled when the scheduler starts
2026-07-16 15:13:30,397 [INFO] Adding job tentatively -- it will be properly scheduled when the scheduler starts
2026-07-16 15:13:30,398 [INFO] Added job "cron_recuperar_carritos" to job store "default"
2026-07-16 15:13:30,398 [INFO] Added job "cron_reporte_mensual" to job store "default"
2026-07-16 15:13:30,398 [INFO] Added job "cron_respaldo_semanal" to job store "default"
2026-07-16 15:13:30,398 [INFO] Scheduler started
2026-07-16 15:14:52,731 [INFO] Adding job tentatively -- it will be properly scheduled when the scheduler starts
2026-07-16 15:14:52,745 [INFO] Adding job tentatively -- it will be properly scheduled when the scheduler starts
2026-07-16 15:14:52,745 [INFO] Adding job tentatively -- it will be properly scheduled when the scheduler starts
2026-07-16 15:14:52,746 [INFO] Added job "cron_recuperar_carritos" to job store "default"
2026-07-16 15:14:52,746 [INFO] Added job "cron_reporte_mensual" to job store "default"
2026-07-16 15:14:52,746 [INFO] Added job "cron_respaldo_semanal" to job store "default"
2026-07-16 15:14:52,746 [INFO] Scheduler started
2026-07-16 15:16:12,264 [INFO] Adding job tentatively -- it will be properly scheduled when the scheduler starts
2026-07-16 15:16:12,267 [INFO] Adding job tentatively -- it will be properly scheduled when the scheduler starts
2026-07-16 15:16:12,267 [INFO] Adding job tentatively -- it will be properly scheduled when the scheduler starts
2026-07-16 15:16:12,268 [INFO] Added job "cron_recuperar_carritos" to job store "default"
2026-07-16 15:16:12,268 [INFO] Added job "cron_reporte_mensual" to job store "default"
2026-07-16 15:16:12,268 [INFO] Added job "cron_respaldo_semanal" to job store "default"
2026-07-16 15:16:12,268 [INFO] Scheduler started
2026-07-16 15:20:44,830 [INFO] Adding job tentatively -- it will be properly scheduled when the scheduler starts
2026-07-16 15:20:44,833 [INFO] Adding job tentatively -- it will be properly scheduled when the scheduler starts
2026-07-16 15:20:44,833 [INFO] Adding job tentatively -- it will be properly scheduled when the scheduler starts
2026-07-16 15:20:44,833 [INFO] Added job "cron_recuperar_carritos" to job store "default"
2026-07-16 15:20:44,834 [INFO] Added job "cron_reporte_mensual" to job store "default"
2026-07-16 15:20:44,834 [INFO] Added job "cron_respaldo_semanal" to job store "default"
2026-07-16 15:20:44,834 [INFO] Scheduler started
2026-07-16 15:21:27,870 [INFO] Adding job tentatively -- it will be properly scheduled when the scheduler starts
2026-07-16 15:21:27,874 [INFO] Adding job tentatively -- it will be properly scheduled when the scheduler starts
2026-07-16 15:21:27,874 [INFO] Adding job tentatively -- it will be properly scheduled when the scheduler starts
2026-07-16 15:21:27,874 [INFO] Added job "cron_recuperar_carritos" to job store "default"
2026-07-16 15:21:27,874 [INFO] Added job "cron_reporte_mensual" to job store "default"
2026-07-16 15:21:27,874 [INFO] Added job "cron_respaldo_semanal" to job store "default"
2026-07-16 15:21:27,874 [INFO] Scheduler started
2026-07-16 16:21:27,872 [INFO] Running job "cron_recuperar_carritos (trigger: interval[1:00:00], next run at: 2026-07-16 16:21:27 CST)" (scheduled at 2026-07-16 16:21:27.870750-06:00)
2026-07-16 16:21:27,889 [INFO] Job "cron_recuperar_carritos (trigger: interval[1:00:00], next run at: 2026-07-16 17:21:27 CST)" executed successfully
2026-07-16 17:01:59,197 [INFO] Adding job tentatively -- it will be properly scheduled when the scheduler starts
2026-07-16 17:01:59,199 [INFO] Adding job tentatively -- it will be properly scheduled when the scheduler starts
2026-07-16 17:01:59,200 [INFO] Adding job tentatively -- it will be properly scheduled when the scheduler starts
2026-07-16 17:01:59,200 [INFO] Added job "cron_recuperar_carritos" to job store "default"
2026-07-16 17:01:59,200 [INFO] Added job "cron_reporte_mensual" to job store "default"
2026-07-16 17:01:59,200 [INFO] Added job "cron_respaldo_semanal" to job store "default"
2026-07-16 17:01:59,200 [INFO] Scheduler started
2026-07-16 17:02:24,932 [INFO] Adding job tentatively -- it will be properly scheduled when the scheduler starts
2026-07-16 17:02:24,935 [INFO] Adding job tentatively -- it will be properly scheduled when the scheduler starts
2026-07-16 17:02:24,935 [INFO] Adding job tentatively -- it will be properly scheduled when the scheduler starts
2026-07-16 17:02:24,936 [INFO] Added job "cron_recuperar_carritos" to job store "default"
2026-07-16 17:02:24,936 [INFO] Added job "cron_reporte_mensual" to job store "default"
2026-07-16 17:02:24,936 [INFO] Added job "cron_respaldo_semanal" to job store "default"
2026-07-16 17:02:24,936 [INFO] Scheduler started
2026-07-16 17:02:55,477 [INFO] Adding job tentatively -- it will be properly scheduled when the scheduler starts
2026-07-16 17:02:55,482 [INFO] Adding job tentatively -- it will be properly scheduled when the scheduler starts
2026-07-16 17:02:55,482 [INFO] Adding job tentatively -- it will be properly scheduled when the scheduler starts
2026-07-16 17:02:55,482 [INFO] Added job "cron_recuperar_carritos" to job store "default"
2026-07-16 17:02:55,482 [INFO] Added job "cron_reporte_mensual" to job store "default"
2026-07-16 17:02:55,482 [INFO] Added job "cron_respaldo_semanal" to job store "default"
2026-07-16 17:02:55,482 [INFO] Scheduler started
2026-07-16 17:11:38,330 [INFO] Adding job tentatively -- it will be properly scheduled when the scheduler starts
2026-07-16 17:11:38,335 [INFO] Adding job tentatively -- it will be properly scheduled when the scheduler starts
2026-07-16 17:11:38,335 [INFO] Adding job tentatively -- it will be properly scheduled when the scheduler starts
2026-07-16 17:11:38,335 [INFO] Added job "cron_recuperar_carritos" to job store "default"
2026-07-16 17:11:38,335 [INFO] Added job "cron_reporte_mensual" to job store "default"
2026-07-16 17:11:38,335 [INFO] Added job "cron_respaldo_semanal" to job store "default"
2026-07-16 17:11:38,336 [INFO] Scheduler started
2026-07-16 17:12:22,960 [INFO] Adding job tentatively -- it will be properly scheduled when the scheduler starts
2026-07-16 17:12:22,962 [INFO] Adding job tentatively -- it will be properly scheduled when the scheduler starts
2026-07-16 17:12:22,962 [INFO] Adding job tentatively -- it will be properly scheduled when the scheduler starts
2026-07-16 17:12:22,963 [INFO] Added job "cron_recuperar_carritos" to job store "default"
2026-07-16 17:12:22,963 [INFO] Added job "cron_reporte_mensual" to job store "default"
2026-07-16 17:12:22,963 [INFO] Added job "cron_respaldo_semanal" to job store "default"
2026-07-16 17:12:22,963 [INFO] Scheduler started
2026-07-16 17:18:26,057 [INFO] Adding job tentatively -- it will be properly scheduled when the scheduler starts
2026-07-16 17:18:26,062 [INFO] Adding job tentatively -- it will be properly scheduled when the scheduler starts
2026-07-16 17:18:26,062 [INFO] Adding job tentatively -- it will be properly scheduled when the scheduler starts
2026-07-16 17:18:26,063 [INFO] Added job "cron_recuperar_carritos" to job store "default"
2026-07-16 17:18:26,063 [INFO] Added job "cron_reporte_mensual" to job store "default"
2026-07-16 17:18:26,063 [INFO] Added job "cron_respaldo_semanal" to job store "default"
2026-07-16 17:18:26,063 [INFO] Scheduler started
2026-07-16 17:27:15,901 [INFO] Adding job tentatively -- it will be properly scheduled when the scheduler starts
2026-07-16 17:27:15,904 [INFO] Adding job tentatively -- it will be properly scheduled when the scheduler starts
2026-07-16 17:27:15,904 [INFO] Adding job tentatively -- it will be properly scheduled when the scheduler starts
2026-07-16 17:27:15,905 [INFO] Added job "cron_recuperar_carritos" to job store "default"
2026-07-16 17:27:15,905 [INFO] Added job "cron_reporte_mensual" to job store "default"
2026-07-16 17:27:15,905 [INFO] Added job "cron_respaldo_semanal" to job store "default"
2026-07-16 17:27:15,905 [INFO] Scheduler started
2026-07-16 17:32:25,948 [INFO] Adding job tentatively -- it will be properly scheduled when the scheduler starts
2026-07-16 17:32:25,953 [INFO] Adding job tentatively -- it will be properly scheduled when the scheduler starts
2026-07-16 17:32:25,953 [INFO] Adding job tentatively -- it will be properly scheduled when the scheduler starts
2026-07-16 17:32:25,953 [INFO] Added job "cron_recuperar_carritos" to job store "default"
2026-07-16 17:32:25,954 [INFO] Added job "cron_reporte_mensual" to job store "default"
2026-07-16 17:32:25,954 [INFO] Added job "cron_respaldo_semanal" to job store "default"
2026-07-16 17:32:25,954 [INFO] Scheduler started
2026-07-16 17:34:59,763 [INFO] Adding job tentatively -- it will be properly scheduled when the scheduler starts
2026-07-16 17:34:59,765 [INFO] Adding job tentatively -- it will be properly scheduled when the scheduler starts
2026-07-16 17:34:59,766 [INFO] Adding job tentatively -- it will be properly scheduled when the scheduler starts
2026-07-16 17:34:59,766 [INFO] Added job "cron_recuperar_carritos" to job store "default"
2026-07-16 17:34:59,766 [INFO] Added job "cron_reporte_mensual" to job store "default"
2026-07-16 17:34:59,766 [INFO] Added job "cron_respaldo_semanal" to job store "default"
2026-07-16 17:34:59,767 [INFO] Scheduler started
2026-07-16 17:35:51,214 [INFO] Adding job tentatively -- it will be properly scheduled when the scheduler starts
2026-07-16 17:35:51,219 [INFO] Adding job tentatively -- it will be properly scheduled when the scheduler starts
2026-07-16 17:35:51,219 [INFO] Adding job tentatively -- it will be properly scheduled when the scheduler starts
2026-07-16 17:35:51,219 [INFO] Added job "cron_recuperar_carritos" to job store "default"
2026-07-16 17:35:51,219 [INFO] Added job "cron_reporte_mensual" to job store "default"
2026-07-16 17:35:51,220 [INFO] Added job "cron_respaldo_semanal" to job store "default"
2026-07-16 17:35:51,220 [INFO] Scheduler started
2026-07-16 17:37:00,391 [INFO] Adding job tentatively -- it will be properly scheduled when the scheduler starts
2026-07-16 17:37:00,394 [INFO] Adding job tentatively -- it will be properly scheduled when the scheduler starts
2026-07-16 17:37:00,394 [INFO] Adding job tentatively -- it will be properly scheduled when the scheduler starts
2026-07-16 17:37:00,395 [INFO] Added job "cron_recuperar_carritos" to job store "default"
2026-07-16 17:37:00,395 [INFO] Added job "cron_reporte_mensual" to job store "default"
2026-07-16 17:37:00,395 [INFO] Added job "cron_respaldo_semanal" to job store "default"
2026-07-16 17:37:00,395 [INFO] Scheduler started
2026-07-16 17:37:25,657 [INFO] Adding job tentatively -- it will be properly scheduled when the scheduler starts
2026-07-16 17:37:25,659 [INFO] Adding job tentatively -- it will be properly scheduled when the scheduler starts
2026-07-16 17:37:25,660 [INFO] Adding job tentatively -- it will be properly scheduled when the scheduler starts
2026-07-16 17:37:25,660 [INFO] Added job "cron_recuperar_carritos" to job store "default"
2026-07-16 17:37:25,660 [INFO] Added job "cron_reporte_mensual" to job store "default"
2026-07-16 17:37:25,660 [INFO] Added job "cron_respaldo_semanal" to job store "default"
2026-07-16 17:37:25,660 [INFO] Scheduler started
2026-07-16 17:39:11,261 [INFO] Adding job tentatively -- it will be properly scheduled when the scheduler starts
2026-07-16 17:39:11,264 [INFO] Adding job tentatively -- it will be properly scheduled when the scheduler starts
2026-07-16 17:39:11,264 [INFO] Adding job tentatively -- it will be properly scheduled when the scheduler starts
2026-07-16 17:39:11,265 [INFO] Added job "cron_recuperar_carritos" to job store "default"
2026-07-16 17:39:11,265 [INFO] Added job "cron_reporte_mensual" to job store "default"
2026-07-16 17:39:11,265 [INFO] Added job "cron_respaldo_semanal" to job store "default"
2026-07-16 17:39:11,265 [INFO] Scheduler started
2026-07-16 17:39:55,605 [INFO] Adding job tentatively -- it will be properly scheduled when the scheduler starts
2026-07-16 17:39:55,608 [INFO] Adding job tentatively -- it will be properly scheduled when the scheduler starts
2026-07-16 17:39:55,608 [INFO] Adding job tentatively -- it will be properly scheduled when the scheduler starts
2026-07-16 17:39:55,608 [INFO] Added job "cron_recuperar_carritos" to job store "default"
2026-07-16 17:39:55,609 [INFO] Added job "cron_reporte_mensual" to job store "default"
2026-07-16 17:39:55,609 [INFO] Added job "cron_respaldo_semanal" to job store "default"
2026-07-16 17:39:55,609 [INFO] Scheduler started
2026-07-16 17:45:03,152 [INFO] Adding job tentatively -- it will be properly scheduled when the scheduler starts
2026-07-16 17:45:03,154 [INFO] Adding job tentatively -- it will be properly scheduled when the scheduler starts
2026-07-16 17:45:03,155 [INFO] Adding job tentatively -- it will be properly scheduled when the scheduler starts
2026-07-16 17:45:03,155 [INFO] Added job "cron_recuperar_carritos" to job store "default"
2026-07-16 17:45:03,155 [INFO] Added job "cron_reporte_mensual" to job store "default"
2026-07-16 17:45:03,155 [INFO] Added job "cron_respaldo_semanal" to job store "default"
2026-07-16 17:45:03,155 [INFO] Scheduler started
2026-07-16 17:54:55,806 [INFO] Adding job tentatively -- it will be properly scheduled when the scheduler starts
2026-07-16 17:54:55,809 [INFO] Adding job tentatively -- it will be properly scheduled when the scheduler starts
2026-07-16 17:54:55,809 [INFO] Adding job tentatively -- it will be properly scheduled when the scheduler starts
2026-07-16 17:54:55,809 [INFO] Added job "cron_recuperar_carritos" to job store "default"
2026-07-16 17:54:55,809 [INFO] Added job "cron_reporte_mensual" to job store "default"
2026-07-16 17:54:55,810 [INFO] Added job "cron_respaldo_semanal" to job store "default"
2026-07-16 17:54:55,810 [INFO] Scheduler started
2026-07-16 18:02:16,853 [INFO] Adding job tentatively -- it will be properly scheduled when the scheduler starts
2026-07-16 18:02:16,857 [INFO] Adding job tentatively -- it will be properly scheduled when the scheduler starts
2026-07-16 18:02:16,857 [INFO] Adding job tentatively -- it will be properly scheduled when the scheduler starts
2026-07-16 18:02:16,857 [INFO] Added job "cron_recuperar_carritos" to job store "default"
2026-07-16 18:02:16,857 [INFO] Added job "cron_reporte_mensual" to job store "default"
2026-07-16 18:02:16,857 [INFO] Added job "cron_respaldo_semanal" to job store "default"
2026-07-16 18:02:16,857 [INFO] Scheduler started
2026-07-16 18:15:55,592 [INFO] Adding job tentatively -- it will be properly scheduled when the scheduler starts
2026-07-16 18:15:55,595 [INFO] Adding job tentatively -- it will be properly scheduled when the scheduler starts
2026-07-16 18:15:55,595 [INFO] Adding job tentatively -- it will be properly scheduled when the scheduler starts
2026-07-16 18:15:55,595 [INFO] Added job "cron_recuperar_carritos" to job store "default"
2026-07-16 18:15:55,595 [INFO] Added job "cron_reporte_mensual" to job store "default"
2026-07-16 18:15:55,596 [INFO] Added job "cron_respaldo_semanal" to job store "default"
2026-07-16 18:15:55,596 [INFO] Scheduler started
2026-07-16 18:16:32,779 [INFO] Adding job tentatively -- it will be properly scheduled when the scheduler starts
2026-07-16 18:16:32,781 [INFO] Adding job tentatively -- it will be properly scheduled when the scheduler starts
2026-07-16 18:16:32,781 [INFO] Adding job tentatively -- it will be properly scheduled when the scheduler starts
2026-07-16 18:16:32,782 [INFO] Added job "cron_recuperar_carritos" to job store "default"
2026-07-16 18:16:32,782 [INFO] Added job "cron_reporte_mensual" to job store "default"
2026-07-16 18:16:32,782 [INFO] Added job "cron_respaldo_semanal" to job store "default"
2026-07-16 18:16:32,782 [INFO] Scheduler started
2026-07-16 18:23:14,777 [INFO] Adding job tentatively -- it will be properly scheduled when the scheduler starts
2026-07-16 18:23:14,780 [INFO] Adding job tentatively -- it will be properly scheduled when the scheduler starts
2026-07-16 18:23:14,781 [INFO] Adding job tentatively -- it will be properly scheduled when the scheduler starts
2026-07-16 18:23:14,782 [INFO] Added job "cron_recuperar_carritos" to job store "default"
2026-07-16 18:23:14,782 [INFO] Added job "cron_reporte_mensual" to job store "default"
2026-07-16 18:23:14,782 [INFO] Added job "cron_respaldo_semanal" to job store "default"
2026-07-16 18:23:14,782 [INFO] Scheduler started
2026-07-16 18:31:37,716 [INFO] Adding job tentatively -- it will be properly scheduled when the scheduler starts
2026-07-16 18:31:37,719 [INFO] Adding job tentatively -- it will be properly scheduled when the scheduler starts
2026-07-16 18:31:37,719 [INFO] Adding job tentatively -- it will be properly scheduled when the scheduler starts
2026-07-16 18:31:37,720 [INFO] Added job "cron_recuperar_carritos" to job store "default"
2026-07-16 18:31:37,720 [INFO] Added job "cron_reporte_mensual" to job store "default"
2026-07-16 18:31:37,720 [INFO] Added job "cron_respaldo_semanal" to job store "default"
2026-07-16 18:31:37,720 [INFO] Scheduler started
2026-07-16 18:39:20,228 [INFO] Adding job tentatively -- it will be properly scheduled when the scheduler starts
2026-07-16 18:39:20,242 [INFO] Adding job tentatively -- it will be properly scheduled when the scheduler starts
2026-07-16 18:39:20,243 [INFO] Adding job tentatively -- it will be properly scheduled when the scheduler starts
2026-07-16 18:39:20,244 [INFO] Added job "cron_recuperar_carritos" to job store "default"
2026-07-16 18:39:20,244 [INFO] Added job "cron_reporte_mensual" to job store "default"
2026-07-16 18:39:20,244 [INFO] Added job "cron_respaldo_semanal" to job store "default"
2026-07-16 18:39:20,244 [INFO] Scheduler started
2026-07-16 18:39:40,751 [INFO] Adding job tentatively -- it will be properly scheduled when the scheduler starts
2026-07-16 18:39:40,754 [INFO] Adding job tentatively -- it will be properly scheduled when the scheduler starts
2026-07-16 18:39:40,754 [INFO] Adding job tentatively -- it will be properly scheduled when the scheduler starts
2026-07-16 18:39:40,754 [INFO] Added job "cron_recuperar_carritos" to job store "default"
2026-07-16 18:39:40,755 [INFO] Added job "cron_reporte_mensual" to job store "default"
2026-07-16 18:39:40,755 [INFO] Added job "cron_respaldo_semanal" to job store "default"
2026-07-16 18:39:40,755 [INFO] Scheduler started
2026-07-16 18:41:25,871 [INFO] Adding job tentatively -- it will be properly scheduled when the scheduler starts
2026-07-16 18:41:25,875 [INFO] Adding job tentatively -- it will be properly scheduled when the scheduler starts
2026-07-16 18:41:25,876 [INFO] Adding job tentatively -- it will be properly scheduled when the scheduler starts
2026-07-16 18:41:25,877 [INFO] Added job "cron_recuperar_carritos" to job store "default"
2026-07-16 18:41:25,877 [INFO] Added job "cron_reporte_mensual" to job store "default"
2026-07-16 18:41:25,877 [INFO] Added job "cron_respaldo_semanal" to job store "default"
2026-07-16 18:41:25,877 [INFO] Scheduler started
2026-07-16 19:10:51,649 [INFO] Adding job tentatively -- it will be properly scheduled when the scheduler starts
2026-07-16 19:10:51,652 [INFO] Adding job tentatively -- it will be properly scheduled when the scheduler starts
2026-07-16 19:10:51,652 [INFO] Adding job tentatively -- it will be properly scheduled when the scheduler starts
2026-07-16 19:10:51,653 [INFO] Added job "cron_recuperar_carritos" to job store "default"
2026-07-16 19:10:51,653 [INFO] Added job "cron_reporte_mensual" to job store "default"
2026-07-16 19:10:51,653 [INFO] Added job "cron_respaldo_semanal" to job store "default"
2026-07-16 19:10:51,653 [INFO] Scheduler started
2026-07-16 19:11:30,804 [INFO] Adding job tentatively -- it will be properly scheduled when the scheduler starts
2026-07-16 19:11:30,809 [INFO] Adding job tentatively -- it will be properly scheduled when the scheduler starts
2026-07-16 19:11:30,810 [INFO] Adding job tentatively -- it will be properly scheduled when the scheduler starts
2026-07-16 19:11:30,810 [INFO] Added job "cron_recuperar_carritos" to job store "default"
2026-07-16 19:11:30,810 [INFO] Added job "cron_reporte_mensual" to job store "default"
2026-07-16 19:11:30,810 [INFO] Added job "cron_respaldo_semanal" to job store "default"
2026-07-16 19:11:30,811 [INFO] Scheduler started
2026-07-16 19:13:02,091 [INFO] Adding job tentatively -- it will be properly scheduled when the scheduler starts
2026-07-16 19:13:02,110 [INFO] Adding job tentatively -- it will be properly scheduled when the scheduler starts
2026-07-16 19:13:02,111 [INFO] Adding job tentatively -- it will be properly scheduled when the scheduler starts
2026-07-16 19:13:02,113 [INFO] Added job "cron_recuperar_carritos" to job store "default"
2026-07-16 19:13:02,113 [INFO] Added job "cron_reporte_mensual" to job store "default"
2026-07-16 19:13:02,113 [INFO] Added job "cron_respaldo_semanal" to job store "default"
2026-07-16 19:13:02,114 [INFO] Scheduler started
2026-07-16 19:13:33,971 [INFO] Adding job tentatively -- it will be properly scheduled when the scheduler starts
2026-07-16 19:13:33,974 [INFO] Adding job tentatively -- it will be properly scheduled when the scheduler starts
2026-07-16 19:13:33,974 [INFO] Adding job tentatively -- it will be properly scheduled when the scheduler starts
2026-07-16 19:13:33,975 [INFO] Added job "cron_recuperar_carritos" to job store "default"
2026-07-16 19:13:33,975 [INFO] Added job "cron_reporte_mensual" to job store "default"
2026-07-16 19:13:33,975 [INFO] Added job "cron_respaldo_semanal" to job store "default"
2026-07-16 19:13:33,975 [INFO] Scheduler started
2026-07-16 19:15:02,852 [INFO] Adding job tentatively -- it will be properly scheduled when the scheduler starts
2026-07-16 19:15:02,856 [INFO] Adding job tentatively -- it will be properly scheduled when the scheduler starts
2026-07-16 19:15:02,856 [INFO] Adding job tentatively -- it will be properly scheduled when the scheduler starts
2026-07-16 19:15:02,859 [INFO] Added job "cron_recuperar_carritos" to job store "default"
2026-07-16 19:15:02,860 [INFO] Added job "cron_reporte_mensual" to job store "default"
2026-07-16 19:15:02,860 [INFO] Added job "cron_respaldo_semanal" to job store "default"
2026-07-16 19:15:02,867 [INFO] Scheduler started
2026-07-16 19:16:28,884 [INFO] Adding job tentatively -- it will be properly scheduled when the scheduler starts
2026-07-16 19:16:28,890 [INFO] Adding job tentatively -- it will be properly scheduled when the scheduler starts
2026-07-16 19:16:28,890 [INFO] Adding job tentatively -- it will be properly scheduled when the scheduler starts
2026-07-16 19:16:28,891 [INFO] Added job "cron_recuperar_carritos" to job store "default"
2026-07-16 19:16:28,891 [INFO] Added job "cron_reporte_mensual" to job store "default"
2026-07-16 19:16:28,891 [INFO] Added job "cron_respaldo_semanal" to job store "default"
2026-07-16 19:16:28,891 [INFO] Scheduler started
2026-07-16 19:26:44,799 [INFO] Adding job tentatively -- it will be properly scheduled when the scheduler starts
2026-07-16 19:26:44,803 [INFO] Adding job tentatively -- it will be properly scheduled when the scheduler starts
2026-07-16 19:26:44,803 [INFO] Adding job tentatively -- it will be properly scheduled when the scheduler starts
2026-07-16 19:26:44,804 [INFO] Added job "cron_recuperar_carritos" to job store "default"
2026-07-16 19:26:44,804 [INFO] Added job "cron_reporte_mensual" to job store "default"
2026-07-16 19:26:44,804 [INFO] Added job "cron_respaldo_semanal" to job store "default"
2026-07-16 19:26:44,804 [INFO] Scheduler started
2026-07-16 19:39:59,587 [INFO] Adding job tentatively -- it will be properly scheduled when the scheduler starts
2026-07-16 19:39:59,591 [INFO] Adding job tentatively -- it will be properly scheduled when the scheduler starts
2026-07-16 19:39:59,591 [INFO] Adding job tentatively -- it will be properly scheduled when the scheduler starts
2026-07-16 19:39:59,592 [INFO] Added job "cron_recuperar_carritos" to job store "default"
2026-07-16 19:39:59,592 [INFO] Added job "cron_reporte_mensual" to job store "default"
2026-07-16 19:39:59,592 [INFO] Added job "cron_respaldo_semanal" to job store "default"
2026-07-16 19:39:59,592 [INFO] Scheduler started
2026-07-16 19:40:49,908 [INFO] Adding job tentatively -- it will be properly scheduled when the scheduler starts
2026-07-16 19:40:49,910 [INFO] Adding job tentatively -- it will be properly scheduled when the scheduler starts
2026-07-16 19:40:49,910 [INFO] Adding job tentatively -- it will be properly scheduled when the scheduler starts
2026-07-16 19:40:49,911 [INFO] Added job "cron_recuperar_carritos" to job store "default"
2026-07-16 19:40:49,911 [INFO] Added job "cron_reporte_mensual" to job store "default"
2026-07-16 19:40:49,911 [INFO] Added job "cron_respaldo_semanal" to job store "default"
2026-07-16 19:40:49,911 [INFO] Scheduler started
2026-07-16 19:42:44,444 [INFO] Adding job tentatively -- it will be properly scheduled when the scheduler starts
2026-07-16 19:42:44,446 [INFO] Adding job tentatively -- it will be properly scheduled when the scheduler starts
2026-07-16 19:42:44,446 [INFO] Adding job tentatively -- it will be properly scheduled when the scheduler starts
2026-07-16 19:42:44,446 [INFO] Added job "cron_recuperar_carritos" to job store "default"
2026-07-16 19:42:44,446 [INFO] Added job "cron_reporte_mensual" to job store "default"
2026-07-16 19:42:44,447 [INFO] Added job "cron_respaldo_semanal" to job store "default"
2026-07-16 19:42:44,447 [INFO] Scheduler started
2026-07-16 19:45:55,788 [INFO] Adding job tentatively -- it will be properly scheduled when the scheduler starts
2026-07-16 19:45:55,791 [INFO] Adding job tentatively -- it will be properly scheduled when the scheduler starts
2026-07-16 19:45:55,791 [INFO] Adding job tentatively -- it will be properly scheduled when the scheduler starts
2026-07-16 19:45:55,791 [INFO] Added job "cron_recuperar_carritos" to job store "default"
2026-07-16 19:45:55,792 [INFO] Added job "cron_reporte_mensual" to job store "default"
2026-07-16 19:45:55,792 [INFO] Added job "cron_respaldo_semanal" to job store "default"
2026-07-16 19:45:55,792 [INFO] Scheduler started
2026-07-16 19:46:13,942 [INFO] Adding job tentatively -- it will be properly scheduled when the scheduler starts
2026-07-16 19:46:13,945 [INFO] Adding job tentatively -- it will be properly scheduled when the scheduler starts
2026-07-16 19:46:13,945 [INFO] Adding job tentatively -- it will be properly scheduled when the scheduler starts
2026-07-16 19:46:13,946 [INFO] Added job "cron_recuperar_carritos" to job store "default"
2026-07-16 19:46:13,946 [INFO] Added job "cron_reporte_mensual" to job store "default"
2026-07-16 19:46:13,946 [INFO] Added job "cron_respaldo_semanal" to job store "default"
2026-07-16 19:46:13,946 [INFO] Scheduler started
2026-07-16 19:46:42,852 [INFO] Adding job tentatively -- it will be properly scheduled when the scheduler starts
2026-07-16 19:46:42,855 [INFO] Adding job tentatively -- it will be properly scheduled when the scheduler starts
2026-07-16 19:46:42,855 [INFO] Adding job tentatively -- it will be properly scheduled when the scheduler starts
2026-07-16 19:46:42,855 [INFO] Added job "cron_recuperar_carritos" to job store "default"
2026-07-16 19:46:42,855 [INFO] Added job "cron_reporte_mensual" to job store "default"
2026-07-16 19:46:42,855 [INFO] Added job "cron_respaldo_semanal" to job store "default"
2026-07-16 19:46:42,855 [INFO] Scheduler started
2026-07-16 19:48:23,755 [INFO] Adding job tentatively -- it will be properly scheduled when the scheduler starts
2026-07-16 19:48:23,758 [INFO] Adding job tentatively -- it will be properly scheduled when the scheduler starts
2026-07-16 19:48:23,759 [INFO] Adding job tentatively -- it will be properly scheduled when the scheduler starts
2026-07-16 19:48:23,759 [INFO] Added job "cron_recuperar_carritos" to job store "default"
2026-07-16 19:48:23,759 [INFO] Added job "cron_reporte_mensual" to job store "default"
2026-07-16 19:48:23,760 [INFO] Added job "cron_respaldo_semanal" to job store "default"
2026-07-16 19:48:23,760 [INFO] Scheduler started
2026-07-16 19:48:38,308 [INFO] Adding job tentatively -- it will be properly scheduled when the scheduler starts
2026-07-16 19:48:38,311 [INFO] Adding job tentatively -- it will be properly scheduled when the scheduler starts
2026-07-16 19:48:38,311 [INFO] Adding job tentatively -- it will be properly scheduled when the scheduler starts
2026-07-16 19:48:38,312 [INFO] Added job "cron_recuperar_carritos" to job store "default"
2026-07-16 19:48:38,312 [INFO] Added job "cron_reporte_mensual" to job store "default"
2026-07-16 19:48:38,312 [INFO] Added job "cron_respaldo_semanal" to job store "default"
2026-07-16 19:48:38,312 [INFO] Scheduler started
2026-07-16 19:52:24,802 [INFO] Adding job tentatively -- it will be properly scheduled when the scheduler starts
2026-07-16 19:52:24,805 [INFO] Adding job tentatively -- it will be properly scheduled when the scheduler starts
2026-07-16 19:52:24,805 [INFO] Adding job tentatively -- it will be properly scheduled when the scheduler starts
2026-07-16 19:52:24,805 [INFO] Added job "cron_recuperar_carritos" to job store "default"
2026-07-16 19:52:24,806 [INFO] Added job "cron_reporte_mensual" to job store "default"
2026-07-16 19:52:24,806 [INFO] Added job "cron_respaldo_semanal" to job store "default"
2026-07-16 19:52:24,806 [INFO] Scheduler started
2026-07-16 19:52:51,126 [INFO] Adding job tentatively -- it will be properly scheduled when the scheduler starts
2026-07-16 19:52:51,129 [INFO] Adding job tentatively -- it will be properly scheduled when the scheduler starts
2026-07-16 19:52:51,130 [INFO] Adding job tentatively -- it will be properly scheduled when the scheduler starts
2026-07-16 19:52:51,130 [INFO] Added job "cron_recuperar_carritos" to job store "default"
2026-07-16 19:52:51,130 [INFO] Added job "cron_reporte_mensual" to job store "default"
2026-07-16 19:52:51,130 [INFO] Added job "cron_respaldo_semanal" to job store "default"
2026-07-16 19:52:51,130 [INFO] Scheduler started
2026-07-16 20:00:51,780 [INFO] Adding job tentatively -- it will be properly scheduled when the scheduler starts
2026-07-16 20:00:51,783 [INFO] Adding job tentatively -- it will be properly scheduled when the scheduler starts
2026-07-16 20:00:51,783 [INFO] Adding job tentatively -- it will be properly scheduled when the scheduler starts
2026-07-16 20:00:51,784 [INFO] Added job "cron_recuperar_carritos" to job store "default"
2026-07-16 20:00:51,784 [INFO] Added job "cron_reporte_mensual" to job store "default"
2026-07-16 20:00:51,784 [INFO] Added job "cron_respaldo_semanal" to job store "default"
2026-07-16 20:00:51,784 [INFO] Scheduler started
2026-07-16 20:03:32,814 [INFO] Adding job tentatively -- it will be properly scheduled when the scheduler starts
2026-07-16 20:03:32,817 [INFO] Adding job tentatively -- it will be properly scheduled when the scheduler starts
2026-07-16 20:03:32,817 [INFO] Adding job tentatively -- it will be properly scheduled when the scheduler starts
2026-07-16 20:03:32,817 [INFO] Added job "cron_recuperar_carritos" to job store "default"
2026-07-16 20:03:32,817 [INFO] Added job "cron_reporte_mensual" to job store "default"
2026-07-16 20:03:32,817 [INFO] Added job "cron_respaldo_semanal" to job store "default"
2026-07-16 20:03:32,818 [INFO] Scheduler started
2026-07-16 20:03:43,997 [INFO] Adding job tentatively -- it will be properly scheduled when the scheduler starts
2026-07-16 20:03:44,001 [INFO] Adding job tentatively -- it will be properly scheduled when the scheduler starts
2026-07-16 20:03:44,001 [INFO] Adding job tentatively -- it will be properly scheduled when the scheduler starts
2026-07-16 20:03:44,003 [INFO] Added job "cron_recuperar_carritos" to job store "default"
2026-07-16 20:03:44,003 [INFO] Added job "cron_reporte_mensual" to job store "default"
2026-07-16 20:03:44,003 [INFO] Added job "cron_respaldo_semanal" to job store "default"
2026-07-16 20:03:44,003 [INFO] Scheduler started
2026-07-16 20:09:15,164 [INFO] Adding job tentatively -- it will be properly scheduled when the scheduler starts
2026-07-16 20:09:15,169 [INFO] Adding job tentatively -- it will be properly scheduled when the scheduler starts
2026-07-16 20:09:15,169 [INFO] Adding job tentatively -- it will be properly scheduled when the scheduler starts
2026-07-16 20:09:15,169 [INFO] Added job "cron_recuperar_carritos" to job store "default"
2026-07-16 20:09:15,170 [INFO] Added job "cron_reporte_mensual" to job store "default"
2026-07-16 20:09:15,170 [INFO] Added job "cron_respaldo_semanal" to job store "default"
2026-07-16 20:09:15,170 [INFO] Scheduler started
2026-07-16 20:09:27,081 [INFO] Adding job tentatively -- it will be properly scheduled when the scheduler starts
2026-07-16 20:09:27,084 [INFO] Adding job tentatively -- it will be properly scheduled when the scheduler starts
2026-07-16 20:09:27,084 [INFO] Adding job tentatively -- it will be properly scheduled when the scheduler starts
2026-07-16 20:09:27,085 [INFO] Added job "cron_recuperar_carritos" to job store "default"
2026-07-16 20:09:27,085 [INFO] Added job "cron_reporte_mensual" to job store "default"
2026-07-16 20:09:27,085 [INFO] Added job "cron_respaldo_semanal" to job store "default"
2026-07-16 20:09:27,085 [INFO] Scheduler started
2026-07-16 20:09:34,725 [INFO] Adding job tentatively -- it will be properly scheduled when the scheduler starts
2026-07-16 20:09:34,728 [INFO] Adding job tentatively -- it will be properly scheduled when the scheduler starts
2026-07-16 20:09:34,728 [INFO] Adding job tentatively -- it will be properly scheduled when the scheduler starts
2026-07-16 20:09:34,729 [INFO] Added job "cron_recuperar_carritos" to job store "default"
2026-07-16 20:09:34,729 [INFO] Added job "cron_reporte_mensual" to job store "default"
2026-07-16 20:09:34,729 [INFO] Added job "cron_respaldo_semanal" to job store "default"
2026-07-16 20:09:34,729 [INFO] Scheduler started
2026-07-16 20:09:55,777 [INFO] Adding job tentatively -- it will be properly scheduled when the scheduler starts
2026-07-16 20:09:55,779 [INFO] Adding job tentatively -- it will be properly scheduled when the scheduler starts
2026-07-16 20:09:55,780 [INFO] Adding job tentatively -- it will be properly scheduled when the scheduler starts
2026-07-16 20:09:55,780 [INFO] Added job "cron_recuperar_carritos" to job store "default"
2026-07-16 20:09:55,780 [INFO] Added job "cron_reporte_mensual" to job store "default"
2026-07-16 20:09:55,780 [INFO] Added job "cron_respaldo_semanal" to job store "default"
2026-07-16 20:09:55,780 [INFO] Scheduler started
2026-07-16 20:27:58,953 [INFO] Adding job tentatively -- it will be properly scheduled when the scheduler starts
2026-07-16 20:27:58,957 [INFO] Adding job tentatively -- it will be properly scheduled when the scheduler starts
2026-07-16 20:27:58,957 [INFO] Adding job tentatively -- it will be properly scheduled when the scheduler starts
2026-07-16 20:27:58,958 [INFO] Added job "cron_recuperar_carritos" to job store "default"
2026-07-16 20:27:58,958 [INFO] Added job "cron_reporte_mensual" to job store "default"
2026-07-16 20:27:58,958 [INFO] Added job "cron_respaldo_semanal" to job store "default"
2026-07-16 20:27:58,958 [INFO] Scheduler started
2026-07-16 20:28:51,740 [INFO] Adding job tentatively -- it will be properly scheduled when the scheduler starts
2026-07-16 20:28:51,744 [INFO] Adding job tentatively -- it will be properly scheduled when the scheduler starts
2026-07-16 20:28:51,744 [INFO] Adding job tentatively -- it will be properly scheduled when the scheduler starts
2026-07-16 20:28:51,745 [INFO] Added job "cron_recuperar_carritos" to job store "default"
2026-07-16 20:28:51,745 [INFO] Added job "cron_reporte_mensual" to job store "default"
2026-07-16 20:28:51,745 [INFO] Added job "cron_respaldo_semanal" to job store "default"
2026-07-16 20:28:51,745 [INFO] Scheduler started
2026-07-16 20:34:13,359 [INFO] Adding job tentatively -- it will be properly scheduled when the scheduler starts
2026-07-16 20:34:13,363 [INFO] Adding job tentatively -- it will be properly scheduled when the scheduler starts
2026-07-16 20:34:13,363 [INFO] Adding job tentatively -- it will be properly scheduled when the scheduler starts
2026-07-16 20:34:13,363 [INFO] Added job "cron_recuperar_carritos" to job store "default"
2026-07-16 20:34:13,363 [INFO] Added job "cron_reporte_mensual" to job store "default"
2026-07-16 20:34:13,363 [INFO] Added job "cron_respaldo_semanal" to job store "default"
2026-07-16 20:34:13,363 [INFO] Scheduler started
2026-07-16 20:34:57,992 [INFO] Adding job tentatively -- it will be properly scheduled when the scheduler starts
2026-07-16 20:34:57,994 [INFO] Adding job tentatively -- it will be properly scheduled when the scheduler starts
2026-07-16 20:34:57,994 [INFO] Adding job tentatively -- it will be properly scheduled when the scheduler starts
2026-07-16 20:34:57,995 [INFO] Added job "cron_recuperar_carritos" to job store "default"
2026-07-16 20:34:57,995 [INFO] Added job "cron_reporte_mensual" to job store "default"
2026-07-16 20:34:57,995 [INFO] Added job "cron_respaldo_semanal" to job store "default"
2026-07-16 20:34:57,995 [INFO] Scheduler started
2026-07-16 20:37:30,661 [INFO] Adding job tentatively -- it will be properly scheduled when the scheduler starts
2026-07-16 20:37:30,664 [INFO] Adding job tentatively -- it will be properly scheduled when the scheduler starts
2026-07-16 20:37:30,664 [INFO] Adding job tentatively -- it will be properly scheduled when the scheduler starts
2026-07-16 20:37:30,665 [INFO] Added job "cron_recuperar_carritos" to job store "default"
2026-07-16 20:37:30,665 [INFO] Added job "cron_reporte_mensual" to job store "default"
2026-07-16 20:37:30,665 [INFO] Added job "cron_respaldo_semanal" to job store "default"
2026-07-16 20:37:30,665 [INFO] Scheduler started
2026-07-16 20:38:43,414 [INFO] Adding job tentatively -- it will be properly scheduled when the scheduler starts
2026-07-16 20:38:43,418 [INFO] Adding job tentatively -- it will be properly scheduled when the scheduler starts
2026-07-16 20:38:43,418 [INFO] Adding job tentatively -- it will be properly scheduled when the scheduler starts
2026-07-16 20:38:43,418 [INFO] Added job "cron_recuperar_carritos" to job store "default"
2026-07-16 20:38:43,418 [INFO] Added job "cron_reporte_mensual" to job store "default"
2026-07-16 20:38:43,419 [INFO] Added job "cron_respaldo_semanal" to job store "default"
2026-07-16 20:38:43,419 [INFO] Scheduler started
2026-07-16 21:38:19,130 [INFO] Adding job tentatively -- it will be properly scheduled when the scheduler starts
2026-07-16 21:38:19,136 [INFO] Adding job tentatively -- it will be properly scheduled when the scheduler starts
2026-07-16 21:38:19,136 [INFO] Adding job tentatively -- it will be properly scheduled when the scheduler starts
2026-07-16 21:38:19,137 [INFO] Added job "cron_recuperar_carritos" to job store "default"
2026-07-16 21:38:19,137 [INFO] Added job "cron_reporte_mensual" to job store "default"
2026-07-16 21:38:19,137 [INFO] Added job "cron_respaldo_semanal" to job store "default"
2026-07-16 21:38:19,137 [INFO] Scheduler started
2026-07-16 21:38:57,304 [INFO] Adding job tentatively -- it will be properly scheduled when the scheduler starts
2026-07-16 21:38:57,309 [INFO] Adding job tentatively -- it will be properly scheduled when the scheduler starts
2026-07-16 21:38:57,310 [INFO] Adding job tentatively -- it will be properly scheduled when the scheduler starts
2026-07-16 21:38:57,310 [INFO] Added job "cron_recuperar_carritos" to job store "default"
2026-07-16 21:38:57,311 [INFO] Added job "cron_reporte_mensual" to job store "default"
2026-07-16 21:38:57,311 [INFO] Added job "cron_respaldo_semanal" to job store "default"
2026-07-16 21:38:57,311 [INFO] Scheduler started
2026-07-16 21:39:54,533 [INFO] Adding job tentatively -- it will be properly scheduled when the scheduler starts
2026-07-16 21:39:54,538 [INFO] Adding job tentatively -- it will be properly scheduled when the scheduler starts
2026-07-16 21:39:54,538 [INFO] Adding job tentatively -- it will be properly scheduled when the scheduler starts
2026-07-16 21:39:54,539 [INFO] Added job "cron_recuperar_carritos" to job store "default"
2026-07-16 21:39:54,539 [INFO] Added job "cron_reporte_mensual" to job store "default"
2026-07-16 21:39:54,539 [INFO] Added job "cron_respaldo_semanal" to job store "default"
2026-07-16 21:39:54,539 [INFO] Scheduler started
2026-07-16 21:40:46,095 [INFO] Adding job tentatively -- it will be properly scheduled when the scheduler starts
2026-07-16 21:40:46,103 [INFO] Adding job tentatively -- it will be properly scheduled when the scheduler starts
2026-07-16 21:40:46,104 [INFO] Adding job tentatively -- it will be properly scheduled when the scheduler starts
2026-07-16 21:40:46,105 [INFO] Added job "cron_recuperar_carritos" to job store "default"
2026-07-16 21:40:46,107 [INFO] Added job "cron_reporte_mensual" to job store "default"
2026-07-16 21:40:46,107 [INFO] Added job "cron_respaldo_semanal" to job store "default"
2026-07-16 21:40:46,107 [INFO] Scheduler started
2026-07-16 21:41:51,977 [INFO] Adding job tentatively -- it will be properly scheduled when the scheduler starts
2026-07-16 21:41:51,983 [INFO] Adding job tentatively -- it will be properly scheduled when the scheduler starts
2026-07-16 21:41:51,983 [INFO] Adding job tentatively -- it will be properly scheduled when the scheduler starts
2026-07-16 21:41:51,983 [INFO] Added job "cron_recuperar_carritos" to job store "default"
2026-07-16 21:41:51,984 [INFO] Added job "cron_reporte_mensual" to job store "default"
2026-07-16 21:41:51,984 [INFO] Added job "cron_respaldo_semanal" to job store "default"
2026-07-16 21:41:51,984 [INFO] Scheduler started
2026-07-16 21:43:51,513 [INFO] Adding job tentatively -- it will be properly scheduled when the scheduler starts
2026-07-16 21:43:51,517 [INFO] Adding job tentatively -- it will be properly scheduled when the scheduler starts
2026-07-16 21:43:51,517 [INFO] Adding job tentatively -- it will be properly scheduled when the scheduler starts
2026-07-16 21:43:51,520 [INFO] Added job "cron_recuperar_carritos" to job store "default"
2026-07-16 21:43:51,520 [INFO] Added job "cron_reporte_mensual" to job store "default"
2026-07-16 21:43:51,520 [INFO] Added job "cron_respaldo_semanal" to job store "default"
2026-07-16 21:43:51,521 [INFO] Scheduler started
2026-07-16 21:45:05,876 [INFO] Adding job tentatively -- it will be properly scheduled when the scheduler starts
2026-07-16 21:45:05,879 [INFO] Adding job tentatively -- it will be properly scheduled when the scheduler starts
2026-07-16 21:45:05,879 [INFO] Adding job tentatively -- it will be properly scheduled when the scheduler starts
2026-07-16 21:45:05,880 [INFO] Added job "cron_recuperar_carritos" to job store "default"
2026-07-16 21:45:05,880 [INFO] Added job "cron_reporte_mensual" to job store "default"
2026-07-16 21:45:05,880 [INFO] Added job "cron_respaldo_semanal" to job store "default"
2026-07-16 21:45:05,880 [INFO] Scheduler started
2026-07-16 21:48:07,307 [INFO] Adding job tentatively -- it will be properly scheduled when the scheduler starts
2026-07-16 21:48:07,312 [INFO] Adding job tentatively -- it will be properly scheduled when the scheduler starts
2026-07-16 21:48:07,312 [INFO] Adding job tentatively -- it will be properly scheduled when the scheduler starts
2026-07-16 21:48:07,313 [INFO] Added job "cron_recuperar_carritos" to job store "default"
2026-07-16 21:48:07,313 [INFO] Added job "cron_reporte_mensual" to job store "default"
2026-07-16 21:48:07,314 [INFO] Added job "cron_respaldo_semanal" to job store "default"
2026-07-16 21:48:07,314 [INFO] Scheduler started
2026-07-16 21:48:27,535 [INFO] Adding job tentatively -- it will be properly scheduled when the scheduler starts
2026-07-16 21:48:27,538 [INFO] Adding job tentatively -- it will be properly scheduled when the scheduler starts
2026-07-16 21:48:27,538 [INFO] Adding job tentatively -- it will be properly scheduled when the scheduler starts
2026-07-16 21:48:27,539 [INFO] Added job "cron_recuperar_carritos" to job store "default"
2026-07-16 21:48:27,539 [INFO] Added job "cron_reporte_mensual" to job store "default"
2026-07-16 21:48:27,539 [INFO] Added job "cron_respaldo_semanal" to job store "default"
2026-07-16 21:48:27,539 [INFO] Scheduler started
2026-07-16 21:48:54,065 [INFO] Adding job tentatively -- it will be properly scheduled when the scheduler starts
2026-07-16 21:48:54,068 [INFO] Adding job tentatively -- it will be properly scheduled when the scheduler starts
2026-07-16 21:48:54,068 [INFO] Adding job tentatively -- it will be properly scheduled when the scheduler starts
2026-07-16 21:48:54,069 [INFO] Added job "cron_recuperar_carritos" to job store "default"
2026-07-16 21:48:54,069 [INFO] Added job "cron_reporte_mensual" to job store "default"
2026-07-16 21:48:54,069 [INFO] Added job "cron_respaldo_semanal" to job store "default"
2026-07-16 21:48:54,069 [INFO] Scheduler started
2026-07-16 21:48:55,926 [INFO] Adding job tentatively -- it will be properly scheduled when the scheduler starts
2026-07-16 21:48:55,929 [INFO] Adding job tentatively -- it will be properly scheduled when the scheduler starts
2026-07-16 21:48:55,929 [INFO] Adding job tentatively -- it will be properly scheduled when the scheduler starts
2026-07-16 21:48:55,929 [INFO] Added job "cron_recuperar_carritos" to job store "default"
2026-07-16 21:48:55,930 [INFO] Added job "cron_reporte_mensual" to job store "default"
2026-07-16 21:48:55,930 [INFO] Added job "cron_respaldo_semanal" to job store "default"
2026-07-16 21:48:55,930 [INFO] Scheduler started
2026-07-16 21:50:16,692 [INFO] Adding job tentatively -- it will be properly scheduled when the scheduler starts
2026-07-16 21:50:16,695 [INFO] Adding job tentatively -- it will be properly scheduled when the scheduler starts
2026-07-16 21:50:16,695 [INFO] Adding job tentatively -- it will be properly scheduled when the scheduler starts
2026-07-16 21:50:16,695 [INFO] Added job "cron_recuperar_carritos" to job store "default"
2026-07-16 21:50:16,696 [INFO] Added job "cron_reporte_mensual" to job store "default"
2026-07-16 21:50:16,696 [INFO] Added job "cron_respaldo_semanal" to job store "default"
2026-07-16 21:50:16,696 [INFO] Scheduler started
2026-07-16 21:50:29,138 [INFO] Adding job tentatively -- it will be properly scheduled when the scheduler starts
2026-07-16 21:50:29,141 [INFO] Adding job tentatively -- it will be properly scheduled when the scheduler starts
2026-07-16 21:50:29,141 [INFO] Adding job tentatively -- it will be properly scheduled when the scheduler starts
2026-07-16 21:50:29,141 [INFO] Added job "cron_recuperar_carritos" to job store "default"
2026-07-16 21:50:29,141 [INFO] Added job "cron_reporte_mensual" to job store "default"
2026-07-16 21:50:29,141 [INFO] Added job "cron_respaldo_semanal" to job store "default"
2026-07-16 21:50:29,141 [INFO] Scheduler started
2026-07-16 21:52:02,056 [INFO] Adding job tentatively -- it will be properly scheduled when the scheduler starts
2026-07-16 21:52:02,062 [INFO] Adding job tentatively -- it will be properly scheduled when the scheduler starts
2026-07-16 21:52:02,063 [INFO] Adding job tentatively -- it will be properly scheduled when the scheduler starts
2026-07-16 21:52:02,065 [INFO] Added job "cron_recuperar_carritos" to job store "default"
2026-07-16 21:52:02,065 [INFO] Added job "cron_reporte_mensual" to job store "default"
2026-07-16 21:52:02,066 [INFO] Added job "cron_respaldo_semanal" to job store "default"
2026-07-16 21:52:02,066 [INFO] Scheduler started
2026-07-16 22:07:09,643 [INFO] Adding job tentatively -- it will be properly scheduled when the scheduler starts
2026-07-16 22:07:09,649 [INFO] Adding job tentatively -- it will be properly scheduled when the scheduler starts
2026-07-16 22:07:09,649 [INFO] Adding job tentatively -- it will be properly scheduled when the scheduler starts
2026-07-16 22:07:09,650 [INFO] Added job "cron_recuperar_carritos" to job store "default"
2026-07-16 22:07:09,650 [INFO] Added job "cron_reporte_mensual" to job store "default"
2026-07-16 22:07:09,651 [INFO] Added job "cron_respaldo_semanal" to job store "default"
2026-07-16 22:07:09,651 [INFO] Scheduler started
2026-07-16 22:07:18,477 [INFO] Adding job tentatively -- it will be properly scheduled when the scheduler starts
2026-07-16 22:07:18,479 [INFO] Adding job tentatively -- it will be properly scheduled when the scheduler starts
2026-07-16 22:07:18,480 [INFO] Adding job tentatively -- it will be properly scheduled when the scheduler starts
2026-07-16 22:07:18,480 [INFO] Added job "cron_recuperar_carritos" to job store "default"
2026-07-16 22:07:18,480 [INFO] Added job "cron_reporte_mensual" to job store "default"
2026-07-16 22:07:18,480 [INFO] Added job "cron_respaldo_semanal" to job store "default"
2026-07-16 22:07:18,480 [INFO] Scheduler started
2026-07-16 22:09:13,720 [INFO] Adding job tentatively -- it will be properly scheduled when the scheduler starts
2026-07-16 22:09:13,726 [INFO] Adding job tentatively -- it will be properly scheduled when the scheduler starts
2026-07-16 22:09:13,726 [INFO] Adding job tentatively -- it will be properly scheduled when the scheduler starts
2026-07-16 22:09:13,727 [INFO] Added job "cron_recuperar_carritos" to job store "default"
2026-07-16 22:09:13,727 [INFO] Added job "cron_reporte_mensual" to job store "default"
2026-07-16 22:09:13,728 [INFO] Added job "cron_respaldo_semanal" to job store "default"
2026-07-16 22:09:13,728 [INFO] Scheduler started
2026-07-16 22:09:41,623 [INFO] Adding job tentatively -- it will be properly scheduled when the scheduler starts
2026-07-16 22:09:41,627 [INFO] Adding job tentatively -- it will be properly scheduled when the scheduler starts
2026-07-16 22:09:41,627 [INFO] Adding job tentatively -- it will be properly scheduled when the scheduler starts
2026-07-16 22:09:41,627 [INFO] Added job "cron_recuperar_carritos" to job store "default"
2026-07-16 22:09:41,628 [INFO] Added job "cron_reporte_mensual" to job store "default"
2026-07-16 22:09:41,628 [INFO] Added job "cron_respaldo_semanal" to job store "default"
2026-07-16 22:09:41,628 [INFO] Scheduler started
2026-07-16 22:09:57,904 [INFO] Adding job tentatively -- it will be properly scheduled when the scheduler starts
2026-07-16 22:09:57,908 [INFO] Adding job tentatively -- it will be properly scheduled when the scheduler starts
2026-07-16 22:09:57,908 [INFO] Adding job tentatively -- it will be properly scheduled when the scheduler starts
2026-07-16 22:09:57,909 [INFO] Added job "cron_recuperar_carritos" to job store "default"
2026-07-16 22:09:57,909 [INFO] Added job "cron_reporte_mensual" to job store "default"
2026-07-16 22:09:57,909 [INFO] Added job "cron_respaldo_semanal" to job store "default"
2026-07-16 22:09:57,909 [INFO] Scheduler started
2026-07-16 22:10:12,158 [INFO] Adding job tentatively -- it will be properly scheduled when the scheduler starts
2026-07-16 22:10:12,161 [INFO] Adding job tentatively -- it will be properly scheduled when the scheduler starts
2026-07-16 22:10:12,161 [INFO] Adding job tentatively -- it will be properly scheduled when the scheduler starts
2026-07-16 22:10:12,161 [INFO] Added job "cron_recuperar_carritos" to job store "default"
2026-07-16 22:10:12,162 [INFO] Added job "cron_reporte_mensual" to job store "default"
2026-07-16 22:10:12,162 [INFO] Added job "cron_respaldo_semanal" to job store "default"
2026-07-16 22:10:12,162 [INFO] Scheduler started
2026-07-16 22:10:43,528 [INFO] Adding job tentatively -- it will be properly scheduled when the scheduler starts
2026-07-16 22:10:43,534 [INFO] Adding job tentatively -- it will be properly scheduled when the scheduler starts
2026-07-16 22:10:43,534 [INFO] Adding job tentatively -- it will be properly scheduled when the scheduler starts
2026-07-16 22:10:43,535 [INFO] Added job "cron_recuperar_carritos" to job store "default"
2026-07-16 22:10:43,535 [INFO] Added job "cron_reporte_mensual" to job store "default"
2026-07-16 22:10:43,535 [INFO] Added job "cron_respaldo_semanal" to job store "default"
2026-07-16 22:10:43,535 [INFO] Scheduler started
2026-07-16 22:11:00,684 [INFO] Adding job tentatively -- it will be properly scheduled when the scheduler starts
2026-07-16 22:11:00,687 [INFO] Adding job tentatively -- it will be properly scheduled when the scheduler starts
2026-07-16 22:11:00,687 [INFO] Adding job tentatively -- it will be properly scheduled when the scheduler starts
2026-07-16 22:11:00,687 [INFO] Added job "cron_recuperar_carritos" to job store "default"
2026-07-16 22:11:00,688 [INFO] Added job "cron_reporte_mensual" to job store "default"
2026-07-16 22:11:00,688 [INFO] Added job "cron_respaldo_semanal" to job store "default"
2026-07-16 22:11:00,688 [INFO] Scheduler started
2026-07-16 22:11:37,688 [INFO] Adding job tentatively -- it will be properly scheduled when the scheduler starts
2026-07-16 22:11:37,696 [INFO] Adding job tentatively -- it will be properly scheduled when the scheduler starts
2026-07-16 22:11:37,696 [INFO] Adding job tentatively -- it will be properly scheduled when the scheduler starts
2026-07-16 22:11:37,697 [INFO] Added job "cron_recuperar_carritos" to job store "default"
2026-07-16 22:11:37,697 [INFO] Added job "cron_reporte_mensual" to job store "default"
2026-07-16 22:11:37,697 [INFO] Added job "cron_respaldo_semanal" to job store "default"
2026-07-16 22:11:37,697 [INFO] Scheduler started
2026-07-16 22:12:54,128 [INFO] Adding job tentatively -- it will be properly scheduled when the scheduler starts
2026-07-16 22:12:54,134 [INFO] Adding job tentatively -- it will be properly scheduled when the scheduler starts
2026-07-16 22:12:54,135 [INFO] Adding job tentatively -- it will be properly scheduled when the scheduler starts
2026-07-16 22:12:54,135 [INFO] Added job "cron_recuperar_carritos" to job store "default"
2026-07-16 22:12:54,136 [INFO] Added job "cron_reporte_mensual" to job store "default"
2026-07-16 22:12:54,136 [INFO] Added job "cron_respaldo_semanal" to job store "default"
2026-07-16 22:12:54,136 [INFO] Scheduler started
2026-07-16 22:56:50,048 [INFO] Adding job tentatively -- it will be properly scheduled when the scheduler starts
2026-07-16 22:56:50,053 [INFO] Adding job tentatively -- it will be properly scheduled when the scheduler starts
2026-07-16 22:56:50,053 [INFO] Adding job tentatively -- it will be properly scheduled when the scheduler starts
2026-07-16 22:56:50,054 [INFO] Added job "cron_recuperar_carritos" to job store "default"
2026-07-16 22:56:50,054 [INFO] Added job "cron_reporte_mensual" to job store "default"
2026-07-16 22:56:50,054 [INFO] Added job "cron_respaldo_semanal" to job store "default"
2026-07-16 22:56:50,055 [INFO] Scheduler started
2026-07-16 22:57:05,987 [INFO] Adding job tentatively -- it will be properly scheduled when the scheduler starts
2026-07-16 22:57:05,990 [INFO] Adding job tentatively -- it will be properly scheduled when the scheduler starts
2026-07-16 22:57:05,990 [INFO] Adding job tentatively -- it will be properly scheduled when the scheduler starts
2026-07-16 22:57:05,990 [INFO] Added job "cron_recuperar_carritos" to job store "default"
2026-07-16 22:57:05,991 [INFO] Added job "cron_reporte_mensual" to job store "default"
2026-07-16 22:57:05,991 [INFO] Added job "cron_respaldo_semanal" to job store "default"
2026-07-16 22:57:05,991 [INFO] Scheduler started
2026-07-16 22:57:46,290 [INFO] Adding job tentatively -- it will be properly scheduled when the scheduler starts
2026-07-16 22:57:46,292 [INFO] Adding job tentatively -- it will be properly scheduled when the scheduler starts
2026-07-16 22:57:46,292 [INFO] Adding job tentatively -- it will be properly scheduled when the scheduler starts
2026-07-16 22:57:46,293 [INFO] Added job "cron_recuperar_carritos" to job store "default"
2026-07-16 22:57:46,293 [INFO] Added job "cron_reporte_mensual" to job store "default"
2026-07-16 22:57:46,293 [INFO] Added job "cron_respaldo_semanal" to job store "default"
2026-07-16 22:57:46,293 [INFO] Scheduler started
2026-07-16 22:58:04,019 [INFO] Adding job tentatively -- it will be properly scheduled when the scheduler starts
2026-07-16 22:58:04,021 [INFO] Adding job tentatively -- it will be properly scheduled when the scheduler starts
2026-07-16 22:58:04,021 [INFO] Adding job tentatively -- it will be properly scheduled when the scheduler starts
2026-07-16 22:58:04,022 [INFO] Added job "cron_recuperar_carritos" to job store "default"
2026-07-16 22:58:04,022 [INFO] Added job "cron_reporte_mensual" to job store "default"
2026-07-16 22:58:04,022 [INFO] Added job "cron_respaldo_semanal" to job store "default"
2026-07-16 22:58:04,022 [INFO] Scheduler started
2026-07-16 22:58:50,253 [INFO] Adding job tentatively -- it will be properly scheduled when the scheduler starts
2026-07-16 22:58:50,257 [INFO] Adding job tentatively -- it will be properly scheduled when the scheduler starts
2026-07-16 22:58:50,257 [INFO] Adding job tentatively -- it will be properly scheduled when the scheduler starts
2026-07-16 22:58:50,259 [INFO] Added job "cron_recuperar_carritos" to job store "default"
2026-07-16 22:58:50,259 [INFO] Added job "cron_reporte_mensual" to job store "default"
2026-07-16 22:58:50,259 [INFO] Added job "cron_respaldo_semanal" to job store "default"
2026-07-16 22:58:50,259 [INFO] Scheduler started
2026-07-16 22:59:42,026 [INFO] Adding job tentatively -- it will be properly scheduled when the scheduler starts
2026-07-16 22:59:42,029 [INFO] Adding job tentatively -- it will be properly scheduled when the scheduler starts
2026-07-16 22:59:42,029 [INFO] Adding job tentatively -- it will be properly scheduled when the scheduler starts
2026-07-16 22:59:42,030 [INFO] Added job "cron_recuperar_carritos" to job store "default"
2026-07-16 22:59:42,030 [INFO] Added job "cron_reporte_mensual" to job store "default"
2026-07-16 22:59:42,030 [INFO] Added job "cron_respaldo_semanal" to job store "default"
2026-07-16 22:59:42,031 [INFO] Scheduler started
2026-07-17 00:11:57,693 [INFO] Adding job tentatively -- it will be properly scheduled when the scheduler starts
2026-07-17 00:11:57,696 [INFO] Adding job tentatively -- it will be properly scheduled when the scheduler starts
2026-07-17 00:11:57,696 [INFO] Adding job tentatively -- it will be properly scheduled when the scheduler starts
2026-07-17 00:11:57,697 [INFO] Added job "cron_recuperar_carritos" to job store "default"
2026-07-17 00:11:57,697 [INFO] Added job "cron_reporte_mensual" to job store "default"
2026-07-17 00:11:57,697 [INFO] Added job "cron_respaldo_semanal" to job store "default"
2026-07-17 00:11:57,697 [INFO] Scheduler started
2026-07-17 00:32:52,502 [INFO] Adding job tentatively -- it will be properly scheduled when the scheduler starts
2026-07-17 00:32:52,506 [INFO] Adding job tentatively -- it will be properly scheduled when the scheduler starts
2026-07-17 00:32:52,506 [INFO] Adding job tentatively -- it will be properly scheduled when the scheduler starts
2026-07-17 00:32:52,507 [INFO] Added job "cron_recuperar_carritos" to job store "default"
2026-07-17 00:32:52,507 [INFO] Added job "cron_reporte_mensual" to job store "default"
2026-07-17 00:32:52,507 [INFO] Added job "cron_respaldo_semanal" to job store "default"
2026-07-17 00:32:52,507 [INFO] Scheduler started
2026-07-17 01:56:09,921 [WARNING] Run time of job "cron_recuperar_carritos (trigger: interval[1:00:00], next run at: 2026-07-17 01:32:52 CST)" was missed by 0:23:17.419584
2026-07-17 02:32:52,502 [INFO] Running job "cron_recuperar_carritos (trigger: interval[1:00:00], next run at: 2026-07-17 03:32:52 CST)" (scheduled at 2026-07-17 02:32:52.502069-06:00)
2026-07-17 02:32:52,519 [INFO] Job "cron_recuperar_carritos (trigger: interval[1:00:00], next run at: 2026-07-17 03:32:52 CST)" executed successfully
2026-07-17 03:32:52,504 [INFO] Running job "cron_recuperar_carritos (trigger: interval[1:00:00], next run at: 2026-07-17 04:32:52 CST)" (scheduled at 2026-07-17 03:32:52.502069-06:00)
2026-07-17 03:32:52,506 [INFO] Job "cron_recuperar_carritos (trigger: interval[1:00:00], next run at: 2026-07-17 04:32:52 CST)" executed successfully
2026-07-17 04:32:52,504 [INFO] Running job "cron_recuperar_carritos (trigger: interval[1:00:00], next run at: 2026-07-17 05:32:52 CST)" (scheduled at 2026-07-17 04:32:52.502069-06:00)
2026-07-17 04:32:52,507 [INFO] Job "cron_recuperar_carritos (trigger: interval[1:00:00], next run at: 2026-07-17 05:32:52 CST)" executed successfully
2026-07-17 05:32:52,506 [INFO] Running job "cron_recuperar_carritos (trigger: interval[1:00:00], next run at: 2026-07-17 06:32:52 CST)" (scheduled at 2026-07-17 05:32:52.502069-06:00)
2026-07-17 05:32:52,517 [INFO] Job "cron_recuperar_carritos (trigger: interval[1:00:00], next run at: 2026-07-17 06:32:52 CST)" executed successfully
2026-07-17 06:32:52,504 [INFO] Running job "cron_recuperar_carritos (trigger: interval[1:00:00], next run at: 2026-07-17 07:32:52 CST)" (scheduled at 2026-07-17 06:32:52.502069-06:00)
2026-07-17 06:32:52,509 [INFO] Job "cron_recuperar_carritos (trigger: interval[1:00:00], next run at: 2026-07-17 07:32:52 CST)" executed successfully
2026-07-17 07:32:52,503 [INFO] Running job "cron_recuperar_carritos (trigger: interval[1:00:00], next run at: 2026-07-17 08:32:52 CST)" (scheduled at 2026-07-17 07:32:52.502069-06:00)
2026-07-17 07:32:52,508 [INFO] Job "cron_recuperar_carritos (trigger: interval[1:00:00], next run at: 2026-07-17 08:32:52 CST)" executed successfully
2026-07-17 08:00:00,001 [INFO] Running job "cron_reporte_mensual (trigger: cron[hour='8', minute='0'], next run at: 2026-07-18 08:00:00 CST)" (scheduled at 2026-07-17 08:00:00-06:00)
2026-07-17 08:00:00,003 [INFO] Job "cron_reporte_mensual (trigger: cron[hour='8', minute='0'], next run at: 2026-07-18 08:00:00 CST)" executed successfully
2026-07-17 08:32:52,503 [INFO] Running job "cron_recuperar_carritos (trigger: interval[1:00:00], next run at: 2026-07-17 09:32:52 CST)" (scheduled at 2026-07-17 08:32:52.502069-06:00)
2026-07-17 08:32:52,505 [INFO] Job "cron_recuperar_carritos (trigger: interval[1:00:00], next run at: 2026-07-17 09:32:52 CST)" executed successfully
2026-07-17 09:29:29,559 [INFO] Adding job tentatively -- it will be properly scheduled when the scheduler starts
2026-07-17 09:29:29,564 [INFO] Adding job tentatively -- it will be properly scheduled when the scheduler starts
2026-07-17 09:29:29,564 [INFO] Adding job tentatively -- it will be properly scheduled when the scheduler starts
2026-07-17 09:29:29,564 [INFO] Added job "cron_recuperar_carritos" to job store "default"
2026-07-17 09:29:29,564 [INFO] Added job "cron_reporte_mensual" to job store "default"
2026-07-17 09:29:29,564 [INFO] Added job "cron_respaldo_semanal" to job store "default"
2026-07-17 09:29:29,564 [INFO] Scheduler started
2026-07-17 09:38:36,812 [INFO] Adding job tentatively -- it will be properly scheduled when the scheduler starts
2026-07-17 09:38:36,816 [INFO] Adding job tentatively -- it will be properly scheduled when the scheduler starts
2026-07-17 09:38:36,816 [INFO] Adding job tentatively -- it will be properly scheduled when the scheduler starts
2026-07-17 09:38:36,817 [INFO] Added job "cron_recuperar_carritos" to job store "default"
2026-07-17 09:38:36,817 [INFO] Added job "cron_reporte_mensual" to job store "default"
2026-07-17 09:38:36,817 [INFO] Added job "cron_respaldo_semanal" to job store "default"
2026-07-17 09:38:36,817 [INFO] Scheduler started
2026-07-17 09:49:30,039 [INFO] Adding job tentatively -- it will be properly scheduled when the scheduler starts
2026-07-17 09:49:30,044 [INFO] Adding job tentatively -- it will be properly scheduled when the scheduler starts
2026-07-17 09:49:30,044 [INFO] Adding job tentatively -- it will be properly scheduled when the scheduler starts
2026-07-17 09:49:30,045 [INFO] Added job "cron_recuperar_carritos" to job store "default"
2026-07-17 09:49:30,045 [INFO] Added job "cron_reporte_mensual" to job store "default"
2026-07-17 09:49:30,045 [INFO] Added job "cron_respaldo_semanal" to job store "default"
2026-07-17 09:49:30,045 [INFO] Scheduler started
2026-07-17 09:51:46,774 [INFO] Adding job tentatively -- it will be properly scheduled when the scheduler starts
2026-07-17 09:51:46,782 [INFO] Adding job tentatively -- it will be properly scheduled when the scheduler starts
2026-07-17 09:51:46,782 [INFO] Adding job tentatively -- it will be properly scheduled when the scheduler starts
2026-07-17 09:51:46,782 [INFO] Added job "cron_recuperar_carritos" to job store "default"
2026-07-17 09:51:46,782 [INFO] Added job "cron_reporte_mensual" to job store "default"
2026-07-17 09:51:46,783 [INFO] Added job "cron_respaldo_semanal" to job store "default"
2026-07-17 09:51:46,783 [INFO] Scheduler started
2026-07-17 09:56:05,629 [INFO] Adding job tentatively -- it will be properly scheduled when the scheduler starts
2026-07-17 09:56:05,634 [INFO] Adding job tentatively -- it will be properly scheduled when the scheduler starts
2026-07-17 09:56:05,634 [INFO] Adding job tentatively -- it will be properly scheduled when the scheduler starts
2026-07-17 09:56:05,634 [INFO] Added job "cron_recuperar_carritos" to job store "default"
2026-07-17 09:56:05,634 [INFO] Added job "cron_reporte_mensual" to job store "default"
2026-07-17 09:56:05,635 [INFO] Added job "cron_respaldo_semanal" to job store "default"
2026-07-17 09:56:05,635 [INFO] Scheduler started
2026-07-17 09:56:20,218 [INFO] Adding job tentatively -- it will be properly scheduled when the scheduler starts
2026-07-17 09:56:20,221 [INFO] Adding job tentatively -- it will be properly scheduled when the scheduler starts
2026-07-17 09:56:20,221 [INFO] Adding job tentatively -- it will be properly scheduled when the scheduler starts
2026-07-17 09:56:20,222 [INFO] Added job "cron_recuperar_carritos" to job store "default"
2026-07-17 09:56:20,222 [INFO] Added job "cron_reporte_mensual" to job store "default"
2026-07-17 09:56:20,222 [INFO] Added job "cron_respaldo_semanal" to job store "default"
2026-07-17 09:56:20,222 [INFO] Scheduler started
2026-07-17 10:05:22,857 [INFO] Adding job tentatively -- it will be properly scheduled when the scheduler starts
2026-07-17 10:05:22,863 [INFO] Adding job tentatively -- it will be properly scheduled when the scheduler starts
2026-07-17 10:05:22,863 [INFO] Adding job tentatively -- it will be properly scheduled when the scheduler starts
2026-07-17 10:05:22,863 [INFO] Added job "cron_recuperar_carritos" to job store "default"
2026-07-17 10:05:22,864 [INFO] Added job "cron_reporte_mensual" to job store "default"
2026-07-17 10:05:22,864 [INFO] Added job "cron_respaldo_semanal" to job store "default"
2026-07-17 10:05:22,864 [INFO] Scheduler started
2026-07-17 10:08:10,252 [INFO] Adding job tentatively -- it will be properly scheduled when the scheduler starts
2026-07-17 10:08:10,257 [INFO] Adding job tentatively -- it will be properly scheduled when the scheduler starts
2026-07-17 10:08:10,257 [INFO] Adding job tentatively -- it will be properly scheduled when the scheduler starts
2026-07-17 10:08:10,258 [INFO] Added job "cron_recuperar_carritos" to job store "default"
2026-07-17 10:08:10,258 [INFO] Added job "cron_reporte_mensual" to job store "default"
2026-07-17 10:08:10,258 [INFO] Added job "cron_respaldo_semanal" to job store "default"
2026-07-17 10:08:10,258 [INFO] Scheduler started
2026-07-17 10:09:40,443 [INFO] Adding job tentatively -- it will be properly scheduled when the scheduler starts
2026-07-17 10:09:40,447 [INFO] Adding job tentatively -- it will be properly scheduled when the scheduler starts
2026-07-17 10:09:40,448 [INFO] Adding job tentatively -- it will be properly scheduled when the scheduler starts
2026-07-17 10:09:40,448 [INFO] Added job "cron_recuperar_carritos" to job store "default"
2026-07-17 10:09:40,448 [INFO] Added job "cron_reporte_mensual" to job store "default"
2026-07-17 10:09:40,448 [INFO] Added job "cron_respaldo_semanal" to job store "default"
2026-07-17 10:09:40,448 [INFO] Scheduler started
2026-07-17 10:16:59,389 [INFO] Adding job tentatively -- it will be properly scheduled when the scheduler starts
2026-07-17 10:16:59,393 [INFO] Adding job tentatively -- it will be properly scheduled when the scheduler starts
2026-07-17 10:16:59,393 [INFO] Adding job tentatively -- it will be properly scheduled when the scheduler starts
2026-07-17 10:16:59,393 [INFO] Added job "cron_recuperar_carritos" to job store "default"
2026-07-17 10:16:59,393 [INFO] Added job "cron_reporte_mensual" to job store "default"
2026-07-17 10:16:59,394 [INFO] Added job "cron_respaldo_semanal" to job store "default"
2026-07-17 10:16:59,394 [INFO] Scheduler started
2026-07-17 10:17:31,868 [INFO] Adding job tentatively -- it will be properly scheduled when the scheduler starts
2026-07-17 10:17:31,871 [INFO] Adding job tentatively -- it will be properly scheduled when the scheduler starts
2026-07-17 10:17:31,871 [INFO] Adding job tentatively -- it will be properly scheduled when the scheduler starts
2026-07-17 10:17:31,871 [INFO] Added job "cron_recuperar_carritos" to job store "default"
2026-07-17 10:17:31,871 [INFO] Added job "cron_reporte_mensual" to job store "default"
2026-07-17 10:17:31,871 [INFO] Added job "cron_respaldo_semanal" to job store "default"
2026-07-17 10:17:31,871 [INFO] Scheduler started
2026-07-17 11:17:31,869 [INFO] Running job "cron_recuperar_carritos (trigger: interval[1:00:00], next run at: 2026-07-17 11:17:31 CST)" (scheduled at 2026-07-17 11:17:31.868443-06:00)
2026-07-17 11:17:31,889 [INFO] Job "cron_recuperar_carritos (trigger: interval[1:00:00], next run at: 2026-07-17 12:17:31 CST)" executed successfully
2026-07-17 11:18:07,632 [INFO] Adding job tentatively -- it will be properly scheduled when the scheduler starts
2026-07-17 11:18:07,635 [INFO] Adding job tentatively -- it will be properly scheduled when the scheduler starts
2026-07-17 11:18:07,635 [INFO] Adding job tentatively -- it will be properly scheduled when the scheduler starts
2026-07-17 11:18:07,636 [INFO] Added job "cron_recuperar_carritos" to job store "default"
2026-07-17 11:18:07,636 [INFO] Added job "cron_reporte_mensual" to job store "default"
2026-07-17 11:18:07,636 [INFO] Added job "cron_respaldo_semanal" to job store "default"
2026-07-17 11:18:07,636 [INFO] Scheduler started
2026-07-17 11:27:54,516 [INFO] Adding job tentatively -- it will be properly scheduled when the scheduler starts
2026-07-17 11:27:54,520 [INFO] Adding job tentatively -- it will be properly scheduled when the scheduler starts
2026-07-17 11:27:54,520 [INFO] Adding job tentatively -- it will be properly scheduled when the scheduler starts
2026-07-17 11:27:54,521 [INFO] Added job "cron_recuperar_carritos" to job store "default"
2026-07-17 11:27:54,521 [INFO] Added job "cron_reporte_mensual" to job store "default"
2026-07-17 11:27:54,521 [INFO] Added job "cron_respaldo_semanal" to job store "default"
2026-07-17 11:27:54,521 [INFO] Scheduler started
2026-07-17 11:58:06,866 [INFO] Adding job tentatively -- it will be properly scheduled when the scheduler starts
2026-07-17 11:58:06,871 [INFO] Adding job tentatively -- it will be properly scheduled when the scheduler starts
2026-07-17 11:58:06,871 [INFO] Adding job tentatively -- it will be properly scheduled when the scheduler starts
2026-07-17 11:58:06,871 [INFO] Added job "cron_recuperar_carritos" to job store "default"
2026-07-17 11:58:06,871 [INFO] Added job "cron_reporte_mensual" to job store "default"
2026-07-17 11:58:06,872 [INFO] Added job "cron_respaldo_semanal" to job store "default"
2026-07-17 11:58:06,872 [INFO] Scheduler started
2026-07-17 13:16:01,913 [WARNING] Run time of job "cron_recuperar_carritos (trigger: interval[1:00:00], next run at: 2026-07-17 12:58:06 CST)" was missed by 0:17:55.046098
2026-07-17 13:59:24,803 [WARNING] Run time of job "cron_recuperar_carritos (trigger: interval[1:00:00], next run at: 2026-07-17 14:58:06 CST)" was missed by 0:01:17.936992
2026-07-17 14:58:06,867 [INFO] Running job "cron_recuperar_carritos (trigger: interval[1:00:00], next run at: 2026-07-17 15:58:06 CST)" (scheduled at 2026-07-17 14:58:06.866524-06:00)
2026-07-17 14:58:06,892 [INFO] Job "cron_recuperar_carritos (trigger: interval[1:00:00], next run at: 2026-07-17 15:58:06 CST)" executed successfully
2026-07-17 15:58:06,868 [INFO] Running job "cron_recuperar_carritos (trigger: interval[1:00:00], next run at: 2026-07-17 16:58:06 CST)" (scheduled at 2026-07-17 15:58:06.866524-06:00)
2026-07-17 15:58:06,871 [INFO] Job "cron_recuperar_carritos (trigger: interval[1:00:00], next run at: 2026-07-17 16:58:06 CST)" executed successfully
2026-07-17 16:58:06,867 [INFO] Running job "cron_recuperar_carritos (trigger: interval[1:00:00], next run at: 2026-07-17 17:58:06 CST)" (scheduled at 2026-07-17 16:58:06.866524-06:00)
2026-07-17 16:58:06,874 [INFO] Job "cron_recuperar_carritos (trigger: interval[1:00:00], next run at: 2026-07-17 17:58:06 CST)" executed successfully
2026-07-17 17:02:43,040 [INFO] Adding job tentatively -- it will be properly scheduled when the scheduler starts
2026-07-17 17:02:43,043 [INFO] Adding job tentatively -- it will be properly scheduled when the scheduler starts
2026-07-17 17:02:43,043 [INFO] Adding job tentatively -- it will be properly scheduled when the scheduler starts
2026-07-17 17:02:43,044 [INFO] Added job "cron_recuperar_carritos" to job store "default"
2026-07-17 17:02:43,044 [INFO] Added job "cron_reporte_mensual" to job store "default"
2026-07-17 17:02:43,044 [INFO] Added job "cron_respaldo_semanal" to job store "default"
2026-07-17 17:02:43,044 [INFO] Scheduler started
2026-07-17 17:03:12,085 [INFO] Adding job tentatively -- it will be properly scheduled when the scheduler starts
2026-07-17 17:03:12,088 [INFO] Adding job tentatively -- it will be properly scheduled when the scheduler starts
2026-07-17 17:03:12,088 [INFO] Adding job tentatively -- it will be properly scheduled when the scheduler starts
2026-07-17 17:03:12,089 [INFO] Added job "cron_recuperar_carritos" to job store "default"
2026-07-17 17:03:12,089 [INFO] Added job "cron_reporte_mensual" to job store "default"
2026-07-17 17:03:12,089 [INFO] Added job "cron_respaldo_semanal" to job store "default"
2026-07-17 17:03:12,089 [INFO] Scheduler started
2026-07-17 17:06:06,566 [INFO] Adding job tentatively -- it will be properly scheduled when the scheduler starts
2026-07-17 17:06:06,570 [INFO] Adding job tentatively -- it will be properly scheduled when the scheduler starts
2026-07-17 17:06:06,570 [INFO] Adding job tentatively -- it will be properly scheduled when the scheduler starts
2026-07-17 17:06:06,570 [INFO] Added job "cron_recuperar_carritos" to job store "default"
2026-07-17 17:06:06,571 [INFO] Added job "cron_reporte_mensual" to job store "default"
2026-07-17 17:06:06,571 [INFO] Added job "cron_respaldo_semanal" to job store "default"
2026-07-17 17:06:06,571 [INFO] Scheduler started
2026-07-17 17:06:33,321 [INFO] Adding job tentatively -- it will be properly scheduled when the scheduler starts
2026-07-17 17:06:33,324 [INFO] Adding job tentatively -- it will be properly scheduled when the scheduler starts
2026-07-17 17:06:33,324 [INFO] Adding job tentatively -- it will be properly scheduled when the scheduler starts
2026-07-17 17:06:33,324 [INFO] Added job "cron_recuperar_carritos" to job store "default"
2026-07-17 17:06:33,324 [INFO] Added job "cron_reporte_mensual" to job store "default"
2026-07-17 17:06:33,324 [INFO] Added job "cron_respaldo_semanal" to job store "default"
2026-07-17 17:06:33,324 [INFO] Scheduler started
2026-07-17 17:06:52,091 [INFO] Adding job tentatively -- it will be properly scheduled when the scheduler starts
2026-07-17 17:06:52,094 [INFO] Adding job tentatively -- it will be properly scheduled when the scheduler starts
2026-07-17 17:06:52,094 [INFO] Adding job tentatively -- it will be properly scheduled when the scheduler starts
2026-07-17 17:06:52,094 [INFO] Added job "cron_recuperar_carritos" to job store "default"
2026-07-17 17:06:52,095 [INFO] Added job "cron_reporte_mensual" to job store "default"
2026-07-17 17:06:52,095 [INFO] Added job "cron_respaldo_semanal" to job store "default"
2026-07-17 17:06:52,095 [INFO] Scheduler started
2026-07-17 17:14:11,111 [INFO] Adding job tentatively -- it will be properly scheduled when the scheduler starts
2026-07-17 17:14:11,118 [INFO] Adding job tentatively -- it will be properly scheduled when the scheduler starts
2026-07-17 17:14:11,118 [INFO] Adding job tentatively -- it will be properly scheduled when the scheduler starts
2026-07-17 17:14:11,118 [INFO] Added job "cron_recuperar_carritos" to job store "default"
2026-07-17 17:14:11,118 [INFO] Added job "cron_reporte_mensual" to job store "default"
2026-07-17 17:14:11,118 [INFO] Added job "cron_respaldo_semanal" to job store "default"
2026-07-17 17:14:11,118 [INFO] Scheduler started
2026-07-17 17:14:26,295 [INFO] Adding job tentatively -- it will be properly scheduled when the scheduler starts
2026-07-17 17:14:26,297 [INFO] Adding job tentatively -- it will be properly scheduled when the scheduler starts
2026-07-17 17:14:26,297 [INFO] Adding job tentatively -- it will be properly scheduled when the scheduler starts
2026-07-17 17:14:26,298 [INFO] Added job "cron_recuperar_carritos" to job store "default"
2026-07-17 17:14:26,298 [INFO] Added job "cron_reporte_mensual" to job store "default"
2026-07-17 17:14:26,298 [INFO] Added job "cron_respaldo_semanal" to job store "default"
2026-07-17 17:14:26,298 [INFO] Scheduler started
2026-07-17 17:38:51,811 [INFO] Adding job tentatively -- it will be properly scheduled when the scheduler starts
2026-07-17 17:38:51,816 [INFO] Adding job tentatively -- it will be properly scheduled when the scheduler starts
2026-07-17 17:38:51,816 [INFO] Adding job tentatively -- it will be properly scheduled when the scheduler starts
2026-07-17 17:38:51,816 [INFO] Added job "cron_recuperar_carritos" to job store "default"
2026-07-17 17:38:51,816 [INFO] Added job "cron_reporte_mensual" to job store "default"
2026-07-17 17:38:51,817 [INFO] Added job "cron_respaldo_semanal" to job store "default"
2026-07-17 17:38:51,817 [INFO] Scheduler started
2026-07-17 18:10:23,259 [INFO] Adding job tentatively -- it will be properly scheduled when the scheduler starts
2026-07-17 18:10:23,264 [INFO] Adding job tentatively -- it will be properly scheduled when the scheduler starts
2026-07-17 18:10:23,264 [INFO] Adding job tentatively -- it will be properly scheduled when the scheduler starts
2026-07-17 18:10:23,265 [INFO] Added job "cron_recuperar_carritos" to job store "default"
2026-07-17 18:10:23,265 [INFO] Added job "cron_reporte_mensual" to job store "default"
2026-07-17 18:10:23,265 [INFO] Added job "cron_respaldo_semanal" to job store "default"
2026-07-17 18:10:23,265 [INFO] Scheduler started
2026-07-17 18:36:18,445 [INFO] Adding job tentatively -- it will be properly scheduled when the scheduler starts
2026-07-17 18:36:18,450 [INFO] Adding job tentatively -- it will be properly scheduled when the scheduler starts
2026-07-17 18:36:18,450 [INFO] Adding job tentatively -- it will be properly scheduled when the scheduler starts
2026-07-17 18:36:18,450 [INFO] Added job "cron_recuperar_carritos" to job store "default"
2026-07-17 18:36:18,450 [INFO] Added job "cron_reporte_mensual" to job store "default"
2026-07-17 18:36:18,450 [INFO] Added job "cron_respaldo_semanal" to job store "default"
2026-07-17 18:36:18,450 [INFO] Scheduler started
2026-07-17 18:36:46,431 [INFO] Adding job tentatively -- it will be properly scheduled when the scheduler starts
2026-07-17 18:36:46,438 [INFO] Adding job tentatively -- it will be properly scheduled when the scheduler starts
2026-07-17 18:36:46,439 [INFO] Adding job tentatively -- it will be properly scheduled when the scheduler starts
2026-07-17 18:36:46,439 [INFO] Added job "cron_recuperar_carritos" to job store "default"
2026-07-17 18:36:46,439 [INFO] Added job "cron_reporte_mensual" to job store "default"
2026-07-17 18:36:46,439 [INFO] Added job "cron_respaldo_semanal" to job store "default"
2026-07-17 18:36:46,439 [INFO] Scheduler started
2026-07-17 18:47:23,208 [INFO] Adding job tentatively -- it will be properly scheduled when the scheduler starts
2026-07-17 18:47:23,213 [INFO] Adding job tentatively -- it will be properly scheduled when the scheduler starts
2026-07-17 18:47:23,213 [INFO] Adding job tentatively -- it will be properly scheduled when the scheduler starts
2026-07-17 18:47:23,214 [INFO] Added job "cron_recuperar_carritos" to job store "default"
2026-07-17 18:47:23,214 [INFO] Added job "cron_reporte_mensual" to job store "default"
2026-07-17 18:47:23,214 [INFO] Added job "cron_respaldo_semanal" to job store "default"
2026-07-17 18:47:23,214 [INFO] Scheduler started
2026-07-17 19:02:51,698 [INFO] Adding job tentatively -- it will be properly scheduled when the scheduler starts
2026-07-17 19:02:51,704 [INFO] Adding job tentatively -- it will be properly scheduled when the scheduler starts
2026-07-17 19:02:51,704 [INFO] Adding job tentatively -- it will be properly scheduled when the scheduler starts
2026-07-17 19:02:51,706 [INFO] Added job "cron_recuperar_carritos" to job store "default"
2026-07-17 19:02:51,706 [INFO] Added job "cron_reporte_mensual" to job store "default"
2026-07-17 19:02:51,706 [INFO] Added job "cron_respaldo_semanal" to job store "default"
2026-07-17 19:02:51,706 [INFO] Scheduler started
2026-07-17 19:03:43,574 [INFO] Adding job tentatively -- it will be properly scheduled when the scheduler starts
2026-07-17 19:03:43,576 [INFO] Adding job tentatively -- it will be properly scheduled when the scheduler starts
2026-07-17 19:03:43,576 [INFO] Adding job tentatively -- it will be properly scheduled when the scheduler starts
2026-07-17 19:03:43,577 [INFO] Added job "cron_recuperar_carritos" to job store "default"
2026-07-17 19:03:43,577 [INFO] Added job "cron_reporte_mensual" to job store "default"
2026-07-17 19:03:43,577 [INFO] Added job "cron_respaldo_semanal" to job store "default"
2026-07-17 19:03:43,577 [INFO] Scheduler started
2026-07-17 19:08:19,957 [INFO] Adding job tentatively -- it will be properly scheduled when the scheduler starts
2026-07-17 19:08:19,963 [INFO] Adding job tentatively -- it will be properly scheduled when the scheduler starts
2026-07-17 19:08:19,963 [INFO] Adding job tentatively -- it will be properly scheduled when the scheduler starts
2026-07-17 19:08:19,963 [INFO] Added job "cron_recuperar_carritos" to job store "default"
2026-07-17 19:08:19,963 [INFO] Added job "cron_reporte_mensual" to job store "default"
2026-07-17 19:08:19,963 [INFO] Added job "cron_respaldo_semanal" to job store "default"
2026-07-17 19:08:19,963 [INFO] Scheduler started
2026-07-17 19:17:41,790 [INFO] Adding job tentatively -- it will be properly scheduled when the scheduler starts
2026-07-17 19:17:41,797 [INFO] Adding job tentatively -- it will be properly scheduled when the scheduler starts
2026-07-17 19:17:41,797 [INFO] Adding job tentatively -- it will be properly scheduled when the scheduler starts
2026-07-17 19:17:41,798 [INFO] Added job "cron_recuperar_carritos" to job store "default"
2026-07-17 19:17:41,798 [INFO] Added job "cron_reporte_mensual" to job store "default"
2026-07-17 19:17:41,798 [INFO] Added job "cron_respaldo_semanal" to job store "default"
2026-07-17 19:17:41,798 [INFO] Scheduler started
2026-07-17 19:37:58,245 [INFO] Adding job tentatively -- it will be properly scheduled when the scheduler starts
2026-07-17 19:37:58,253 [INFO] Adding job tentatively -- it will be properly scheduled when the scheduler starts
2026-07-17 19:37:58,253 [INFO] Adding job tentatively -- it will be properly scheduled when the scheduler starts
2026-07-17 19:37:58,253 [INFO] Added job "cron_recuperar_carritos" to job store "default"
2026-07-17 19:37:58,254 [INFO] Added job "cron_reporte_mensual" to job store "default"
2026-07-17 19:37:58,254 [INFO] Added job "cron_respaldo_semanal" to job store "default"
2026-07-17 19:37:58,254 [INFO] Scheduler started
2026-07-17 19:44:46,404 [INFO] Adding job tentatively -- it will be properly scheduled when the scheduler starts
2026-07-17 19:44:46,410 [INFO] Adding job tentatively -- it will be properly scheduled when the scheduler starts
2026-07-17 19:44:46,410 [INFO] Adding job tentatively -- it will be properly scheduled when the scheduler starts
2026-07-17 19:44:46,410 [INFO] Added job "cron_recuperar_carritos" to job store "default"
2026-07-17 19:44:46,411 [INFO] Added job "cron_reporte_mensual" to job store "default"
2026-07-17 19:44:46,411 [INFO] Added job "cron_respaldo_semanal" to job store "default"
2026-07-17 19:44:46,411 [INFO] Scheduler started
2026-07-17 19:44:59,136 [INFO] Adding job tentatively -- it will be properly scheduled when the scheduler starts
2026-07-17 19:44:59,139 [INFO] Adding job tentatively -- it will be properly scheduled when the scheduler starts
2026-07-17 19:44:59,139 [INFO] Adding job tentatively -- it will be properly scheduled when the scheduler starts
2026-07-17 19:44:59,140 [INFO] Added job "cron_recuperar_carritos" to job store "default"
2026-07-17 19:44:59,140 [INFO] Added job "cron_reporte_mensual" to job store "default"
2026-07-17 19:44:59,140 [INFO] Added job "cron_respaldo_semanal" to job store "default"
2026-07-17 19:44:59,140 [INFO] Scheduler started
2026-07-17 19:45:23,978 [INFO] Adding job tentatively -- it will be properly scheduled when the scheduler starts
2026-07-17 19:45:23,980 [INFO] Adding job tentatively -- it will be properly scheduled when the scheduler starts
2026-07-17 19:45:23,980 [INFO] Adding job tentatively -- it will be properly scheduled when the scheduler starts
2026-07-17 19:45:23,981 [INFO] Added job "cron_recuperar_carritos" to job store "default"
2026-07-17 19:45:23,981 [INFO] Added job "cron_reporte_mensual" to job store "default"
2026-07-17 19:45:23,981 [INFO] Added job "cron_respaldo_semanal" to job store "default"
2026-07-17 19:45:23,981 [INFO] Scheduler started
2026-07-17 19:47:58,242 [INFO] Adding job tentatively -- it will be properly scheduled when the scheduler starts
2026-07-17 19:47:58,248 [INFO] Adding job tentatively -- it will be properly scheduled when the scheduler starts
2026-07-17 19:47:58,248 [INFO] Adding job tentatively -- it will be properly scheduled when the scheduler starts
2026-07-17 19:47:58,249 [INFO] Added job "cron_recuperar_carritos" to job store "default"
2026-07-17 19:47:58,249 [INFO] Added job "cron_reporte_mensual" to job store "default"
2026-07-17 19:47:58,249 [INFO] Added job "cron_respaldo_semanal" to job store "default"
2026-07-17 19:47:58,249 [INFO] Scheduler started
2026-07-17 20:35:05,076 [INFO] Adding job tentatively -- it will be properly scheduled when the scheduler starts
2026-07-17 20:35:05,081 [INFO] Adding job tentatively -- it will be properly scheduled when the scheduler starts
2026-07-17 20:35:05,082 [INFO] Adding job tentatively -- it will be properly scheduled when the scheduler starts
2026-07-17 20:35:05,082 [INFO] Added job "cron_recuperar_carritos" to job store "default"
2026-07-17 20:35:05,082 [INFO] Added job "cron_reporte_mensual" to job store "default"
2026-07-17 20:35:05,082 [INFO] Added job "cron_respaldo_semanal" to job store "default"
2026-07-17 20:35:05,082 [INFO] Scheduler started
2026-07-17 20:35:39,174 [INFO] Adding job tentatively -- it will be properly scheduled when the scheduler starts
2026-07-17 20:35:39,179 [INFO] Adding job tentatively -- it will be properly scheduled when the scheduler starts
2026-07-17 20:35:39,181 [INFO] Adding job tentatively -- it will be properly scheduled when the scheduler starts
2026-07-17 20:35:39,181 [INFO] Added job "cron_recuperar_carritos" to job store "default"
2026-07-17 20:35:39,182 [INFO] Added job "cron_reporte_mensual" to job store "default"
2026-07-17 20:35:39,182 [INFO] Added job "cron_respaldo_semanal" to job store "default"
2026-07-17 20:35:39,182 [INFO] Scheduler started
2026-07-17 20:35:55,734 [INFO] Adding job tentatively -- it will be properly scheduled when the scheduler starts
2026-07-17 20:35:55,737 [INFO] Adding job tentatively -- it will be properly scheduled when the scheduler starts
2026-07-17 20:35:55,737 [INFO] Adding job tentatively -- it will be properly scheduled when the scheduler starts
2026-07-17 20:35:55,737 [INFO] Added job "cron_recuperar_carritos" to job store "default"
2026-07-17 20:35:55,737 [INFO] Added job "cron_reporte_mensual" to job store "default"
2026-07-17 20:35:55,738 [INFO] Added job "cron_respaldo_semanal" to job store "default"
2026-07-17 20:35:55,738 [INFO] Scheduler started
2026-07-17 20:36:22,260 [INFO] Adding job tentatively -- it will be properly scheduled when the scheduler starts
2026-07-17 20:36:22,263 [INFO] Adding job tentatively -- it will be properly scheduled when the scheduler starts
2026-07-17 20:36:22,263 [INFO] Adding job tentatively -- it will be properly scheduled when the scheduler starts
2026-07-17 20:36:22,264 [INFO] Added job "cron_recuperar_carritos" to job store "default"
2026-07-17 20:36:22,264 [INFO] Added job "cron_reporte_mensual" to job store "default"
2026-07-17 20:36:22,264 [INFO] Added job "cron_respaldo_semanal" to job store "default"
2026-07-17 20:36:22,264 [INFO] Scheduler started
2026-07-17 20:48:48,310 [INFO] Adding job tentatively -- it will be properly scheduled when the scheduler starts
2026-07-17 20:48:48,316 [INFO] Adding job tentatively -- it will be properly scheduled when the scheduler starts
2026-07-17 20:48:48,316 [INFO] Adding job tentatively -- it will be properly scheduled when the scheduler starts
2026-07-17 20:48:48,316 [INFO] Added job "cron_recuperar_carritos" to job store "default"
2026-07-17 20:48:48,316 [INFO] Added job "cron_reporte_mensual" to job store "default"
2026-07-17 20:48:48,316 [INFO] Added job "cron_respaldo_semanal" to job store "default"
2026-07-17 20:48:48,316 [INFO] Scheduler started
2026-07-17 20:49:34,320 [INFO] Adding job tentatively -- it will be properly scheduled when the scheduler starts
2026-07-17 20:49:34,325 [INFO] Adding job tentatively -- it will be properly scheduled when the scheduler starts
2026-07-17 20:49:34,325 [INFO] Adding job tentatively -- it will be properly scheduled when the scheduler starts
2026-07-17 20:49:34,326 [INFO] Added job "cron_recuperar_carritos" to job store "default"
2026-07-17 20:49:34,326 [INFO] Added job "cron_reporte_mensual" to job store "default"
2026-07-17 20:49:34,326 [INFO] Added job "cron_respaldo_semanal" to job store "default"
2026-07-17 20:49:34,326 [INFO] Scheduler started
2026-07-17 20:57:50,575 [INFO] Adding job tentatively -- it will be properly scheduled when the scheduler starts
2026-07-17 20:57:50,581 [INFO] Adding job tentatively -- it will be properly scheduled when the scheduler starts
2026-07-17 20:57:50,582 [INFO] Adding job tentatively -- it will be properly scheduled when the scheduler starts
2026-07-17 20:57:50,582 [INFO] Added job "cron_recuperar_carritos" to job store "default"
2026-07-17 20:57:50,582 [INFO] Added job "cron_reporte_mensual" to job store "default"
2026-07-17 20:57:50,582 [INFO] Added job "cron_respaldo_semanal" to job store "default"
2026-07-17 20:57:50,582 [INFO] Scheduler started
2026-07-17 21:14:31,070 [INFO] Adding job tentatively -- it will be properly scheduled when the scheduler starts
2026-07-17 21:14:31,077 [INFO] Adding job tentatively -- it will be properly scheduled when the scheduler starts
2026-07-17 21:14:31,077 [INFO] Adding job tentatively -- it will be properly scheduled when the scheduler starts
2026-07-17 21:14:31,078 [INFO] Added job "cron_recuperar_carritos" to job store "default"
2026-07-17 21:14:31,078 [INFO] Added job "cron_reporte_mensual" to job store "default"
2026-07-17 21:14:31,078 [INFO] Added job "cron_respaldo_semanal" to job store "default"
2026-07-17 21:14:31,078 [INFO] Scheduler started
2026-07-17 21:15:49,387 [INFO] Adding job tentatively -- it will be properly scheduled when the scheduler starts
2026-07-17 21:15:49,392 [INFO] Adding job tentatively -- it will be properly scheduled when the scheduler starts
2026-07-17 21:15:49,392 [INFO] Adding job tentatively -- it will be properly scheduled when the scheduler starts
2026-07-17 21:15:49,392 [INFO] Added job "cron_recuperar_carritos" to job store "default"
2026-07-17 21:15:49,392 [INFO] Added job "cron_reporte_mensual" to job store "default"
2026-07-17 21:15:49,393 [INFO] Added job "cron_respaldo_semanal" to job store "default"
2026-07-17 21:15:49,393 [INFO] Scheduler started
2026-07-17 21:16:09,957 [INFO] Adding job tentatively -- it will be properly scheduled when the scheduler starts
2026-07-17 21:16:09,959 [INFO] Adding job tentatively -- it will be properly scheduled when the scheduler starts
2026-07-17 21:16:09,960 [INFO] Adding job tentatively -- it will be properly scheduled when the scheduler starts
2026-07-17 21:16:09,960 [INFO] Added job "cron_recuperar_carritos" to job store "default"
2026-07-17 21:16:09,960 [INFO] Added job "cron_reporte_mensual" to job store "default"
2026-07-17 21:16:09,960 [INFO] Added job "cron_respaldo_semanal" to job store "default"
2026-07-17 21:16:09,960 [INFO] Scheduler started
2026-07-17 22:16:09,959 [INFO] Running job "cron_recuperar_carritos (trigger: interval[1:00:00], next run at: 2026-07-17 22:16:09 CST)" (scheduled at 2026-07-17 22:16:09.957383-06:00)
2026-07-17 22:16:09,978 [INFO] Job "cron_recuperar_carritos (trigger: interval[1:00:00], next run at: 2026-07-17 23:16:09 CST)" executed successfully
2026-07-17 23:16:09,960 [INFO] Running job "cron_recuperar_carritos (trigger: interval[1:00:00], next run at: 2026-07-18 00:16:09 CST)" (scheduled at 2026-07-17 23:16:09.957383-06:00)
2026-07-17 23:16:09,969 [INFO] Job "cron_recuperar_carritos (trigger: interval[1:00:00], next run at: 2026-07-18 00:16:09 CST)" executed successfully
2026-07-17 23:53:08,807 [INFO] Adding job tentatively -- it will be properly scheduled when the scheduler starts
2026-07-17 23:53:08,813 [INFO] Adding job tentatively -- it will be properly scheduled when the scheduler starts
2026-07-17 23:53:08,813 [INFO] Adding job tentatively -- it will be properly scheduled when the scheduler starts
2026-07-17 23:53:08,813 [INFO] Added job "cron_recuperar_carritos" to job store "default"
2026-07-17 23:53:08,813 [INFO] Added job "cron_reporte_mensual" to job store "default"
2026-07-17 23:53:08,813 [INFO] Added job "cron_respaldo_semanal" to job store "default"
2026-07-17 23:53:08,813 [INFO] Scheduler started
2026-07-17 23:53:53,146 [INFO] Adding job tentatively -- it will be properly scheduled when the scheduler starts
2026-07-17 23:53:53,149 [INFO] Adding job tentatively -- it will be properly scheduled when the scheduler starts
2026-07-17 23:53:53,149 [INFO] Adding job tentatively -- it will be properly scheduled when the scheduler starts
2026-07-17 23:53:53,150 [INFO] Added job "cron_recuperar_carritos" to job store "default"
2026-07-17 23:53:53,150 [INFO] Added job "cron_reporte_mensual" to job store "default"
2026-07-17 23:53:53,150 [INFO] Added job "cron_respaldo_semanal" to job store "default"
2026-07-17 23:53:53,150 [INFO] Scheduler started
2026-07-17 23:55:04,415 [INFO] Adding job tentatively -- it will be properly scheduled when the scheduler starts
2026-07-17 23:55:04,417 [INFO] Adding job tentatively -- it will be properly scheduled when the scheduler starts
2026-07-17 23:55:04,417 [INFO] Adding job tentatively -- it will be properly scheduled when the scheduler starts
2026-07-17 23:55:04,418 [INFO] Added job "cron_recuperar_carritos" to job store "default"
2026-07-17 23:55:04,418 [INFO] Added job "cron_reporte_mensual" to job store "default"
2026-07-17 23:55:04,418 [INFO] Added job "cron_respaldo_semanal" to job store "default"
2026-07-17 23:55:04,418 [INFO] Scheduler started
2026-07-17 23:56:13,730 [INFO] Adding job tentatively -- it will be properly scheduled when the scheduler starts
2026-07-17 23:56:13,732 [INFO] Adding job tentatively -- it will be properly scheduled when the scheduler starts
2026-07-17 23:56:13,732 [INFO] Adding job tentatively -- it will be properly scheduled when the scheduler starts
2026-07-17 23:56:13,733 [INFO] Added job "cron_recuperar_carritos" to job store "default"
2026-07-17 23:56:13,733 [INFO] Added job "cron_reporte_mensual" to job store "default"
2026-07-17 23:56:13,733 [INFO] Added job "cron_respaldo_semanal" to job store "default"
2026-07-17 23:56:13,733 [INFO] Scheduler started
2026-07-17 23:57:25,362 [INFO] Adding job tentatively -- it will be properly scheduled when the scheduler starts
2026-07-17 23:57:25,370 [INFO] Adding job tentatively -- it will be properly scheduled when the scheduler starts
2026-07-17 23:57:25,370 [INFO] Adding job tentatively -- it will be properly scheduled when the scheduler starts
2026-07-17 23:57:25,370 [INFO] Added job "cron_recuperar_carritos" to job store "default"
2026-07-17 23:57:25,370 [INFO] Added job "cron_reporte_mensual" to job store "default"
2026-07-17 23:57:25,370 [INFO] Added job "cron_respaldo_semanal" to job store "default"
2026-07-17 23:57:25,370 [INFO] Scheduler started
2026-07-17 23:57:28,529 [INFO] Adding job tentatively -- it will be properly scheduled when the scheduler starts
2026-07-17 23:57:28,532 [INFO] Adding job tentatively -- it will be properly scheduled when the scheduler starts
2026-07-17 23:57:28,532 [INFO] Adding job tentatively -- it will be properly scheduled when the scheduler starts
2026-07-17 23:57:28,532 [INFO] Added job "cron_recuperar_carritos" to job store "default"
2026-07-17 23:57:28,532 [INFO] Added job "cron_reporte_mensual" to job store "default"
2026-07-17 23:57:28,532 [INFO] Added job "cron_respaldo_semanal" to job store "default"
2026-07-17 23:57:28,532 [INFO] Scheduler started
2026-07-18 00:01:25,615 [INFO] Adding job tentatively -- it will be properly scheduled when the scheduler starts
2026-07-18 00:01:25,620 [INFO] Adding job tentatively -- it will be properly scheduled when the scheduler starts
2026-07-18 00:01:25,620 [INFO] Adding job tentatively -- it will be properly scheduled when the scheduler starts
2026-07-18 00:01:25,620 [INFO] Added job "cron_recuperar_carritos" to job store "default"
2026-07-18 00:01:25,620 [INFO] Added job "cron_reporte_mensual" to job store "default"
2026-07-18 00:01:25,620 [INFO] Added job "cron_respaldo_semanal" to job store "default"
2026-07-18 00:01:25,620 [INFO] Scheduler started
2026-07-18 00:01:46,961 [INFO] Adding job tentatively -- it will be properly scheduled when the scheduler starts
2026-07-18 00:01:46,963 [INFO] Adding job tentatively -- it will be properly scheduled when the scheduler starts
2026-07-18 00:01:46,963 [INFO] Adding job tentatively -- it will be properly scheduled when the scheduler starts
2026-07-18 00:01:46,964 [INFO] Added job "cron_recuperar_carritos" to job store "default"
2026-07-18 00:01:46,964 [INFO] Added job "cron_reporte_mensual" to job store "default"
2026-07-18 00:01:46,964 [INFO] Added job "cron_respaldo_semanal" to job store "default"
2026-07-18 00:01:46,964 [INFO] Scheduler started
2026-07-18 00:23:37,442 [INFO] Adding job tentatively -- it will be properly scheduled when the scheduler starts
2026-07-18 00:23:37,451 [INFO] Adding job tentatively -- it will be properly scheduled when the scheduler starts
2026-07-18 00:23:37,451 [INFO] Adding job tentatively -- it will be properly scheduled when the scheduler starts
2026-07-18 00:23:37,451 [INFO] Added job "cron_recuperar_carritos" to job store "default"
2026-07-18 00:23:37,452 [INFO] Added job "cron_reporte_mensual" to job store "default"
2026-07-18 00:23:37,452 [INFO] Added job "cron_respaldo_semanal" to job store "default"
2026-07-18 00:23:37,452 [INFO] Scheduler started
2026-07-18 00:34:05,846 [INFO] Adding job tentatively -- it will be properly scheduled when the scheduler starts
2026-07-18 00:34:05,851 [INFO] Adding job tentatively -- it will be properly scheduled when the scheduler starts
2026-07-18 00:34:05,851 [INFO] Adding job tentatively -- it will be properly scheduled when the scheduler starts
2026-07-18 00:34:05,852 [INFO] Added job "cron_recuperar_carritos" to job store "default"
2026-07-18 00:34:05,852 [INFO] Added job "cron_reporte_mensual" to job store "default"
2026-07-18 00:34:05,852 [INFO] Added job "cron_respaldo_semanal" to job store "default"
2026-07-18 00:34:05,852 [INFO] Scheduler started
2026-07-18 01:03:49,405 [INFO] Adding job tentatively -- it will be properly scheduled when the scheduler starts
2026-07-18 01:03:49,408 [INFO] Adding job tentatively -- it will be properly scheduled when the scheduler starts
2026-07-18 01:03:49,408 [INFO] Adding job tentatively -- it will be properly scheduled when the scheduler starts
2026-07-18 01:03:49,409 [INFO] Added job "cron_recuperar_carritos" to job store "default"
2026-07-18 01:03:49,409 [INFO] Added job "cron_reporte_mensual" to job store "default"
2026-07-18 01:03:49,409 [INFO] Added job "cron_respaldo_semanal" to job store "default"
2026-07-18 01:03:49,409 [INFO] Scheduler started
2026-07-18 01:04:34,247 [INFO] Adding job tentatively -- it will be properly scheduled when the scheduler starts
2026-07-18 01:04:34,255 [INFO] Adding job tentatively -- it will be properly scheduled when the scheduler starts
2026-07-18 01:04:34,255 [INFO] Adding job tentatively -- it will be properly scheduled when the scheduler starts
2026-07-18 01:04:34,256 [INFO] Added job "cron_recuperar_carritos" to job store "default"
2026-07-18 01:04:34,256 [INFO] Added job "cron_reporte_mensual" to job store "default"
2026-07-18 01:04:34,256 [INFO] Added job "cron_respaldo_semanal" to job store "default"
2026-07-18 01:04:34,256 [INFO] Scheduler started
2026-07-18 02:35:26,296 [WARNING] Run time of job "cron_recuperar_carritos (trigger: interval[1:00:00], next run at: 2026-07-18 02:04:34 CST)" was missed by 0:30:52.048340
2026-07-18 03:19:47,171 [WARNING] Run time of job "cron_recuperar_carritos (trigger: interval[1:00:00], next run at: 2026-07-18 04:04:34 CST)" was missed by 0:15:12.923809
2026-07-18 04:32:59,882 [WARNING] Run time of job "cron_recuperar_carritos (trigger: interval[1:00:00], next run at: 2026-07-18 05:04:34 CST)" was missed by 0:28:25.634373
2026-07-18 05:04:34,249 [INFO] Running job "cron_recuperar_carritos (trigger: interval[1:00:00], next run at: 2026-07-18 06:04:34 CST)" (scheduled at 2026-07-18 05:04:34.247834-06:00)
2026-07-18 05:04:34,274 [INFO] Job "cron_recuperar_carritos (trigger: interval[1:00:00], next run at: 2026-07-18 06:04:34 CST)" executed successfully
2026-07-18 06:04:43,838 [WARNING] Run time of job "cron_recuperar_carritos (trigger: interval[1:00:00], next run at: 2026-07-18 07:04:34 CST)" was missed by 0:00:09.590202
2026-07-18 07:04:34,250 [INFO] Running job "cron_recuperar_carritos (trigger: interval[1:00:00], next run at: 2026-07-18 08:04:34 CST)" (scheduled at 2026-07-18 07:04:34.247834-06:00)
2026-07-18 07:04:34,263 [INFO] Job "cron_recuperar_carritos (trigger: interval[1:00:00], next run at: 2026-07-18 08:04:34 CST)" executed successfully
2026-07-18 08:00:00,003 [INFO] Running job "cron_reporte_mensual (trigger: cron[hour='8', minute='0'], next run at: 2026-07-19 08:00:00 CST)" (scheduled at 2026-07-18 08:00:00-06:00)
2026-07-18 08:00:00,008 [INFO] Job "cron_reporte_mensual (trigger: cron[hour='8', minute='0'], next run at: 2026-07-19 08:00:00 CST)" executed successfully
2026-07-18 08:04:34,249 [INFO] Running job "cron_recuperar_carritos (trigger: interval[1:00:00], next run at: 2026-07-18 09:04:34 CST)" (scheduled at 2026-07-18 08:04:34.247834-06:00)
2026-07-18 08:04:34,252 [INFO] Job "cron_recuperar_carritos (trigger: interval[1:00:00], next run at: 2026-07-18 09:04:34 CST)" executed successfully
2026-07-18 09:04:34,250 [INFO] Running job "cron_recuperar_carritos (trigger: interval[1:00:00], next run at: 2026-07-18 10:04:34 CST)" (scheduled at 2026-07-18 09:04:34.247834-06:00)
2026-07-18 09:04:34,257 [INFO] Job "cron_recuperar_carritos (trigger: interval[1:00:00], next run at: 2026-07-18 10:04:34 CST)" executed successfully
2026-07-18 10:04:34,250 [INFO] Running job "cron_recuperar_carritos (trigger: interval[1:00:00], next run at: 2026-07-18 11:04:34 CST)" (scheduled at 2026-07-18 10:04:34.247834-06:00)
2026-07-18 10:04:34,257 [INFO] Job "cron_recuperar_carritos (trigger: interval[1:00:00], next run at: 2026-07-18 11:04:34 CST)" executed successfully
2026-07-18 11:04:34,250 [INFO] Running job "cron_recuperar_carritos (trigger: interval[1:00:00], next run at: 2026-07-18 12:04:34 CST)" (scheduled at 2026-07-18 11:04:34.247834-06:00)
2026-07-18 11:04:34,258 [INFO] Job "cron_recuperar_carritos (trigger: interval[1:00:00], next run at: 2026-07-18 12:04:34 CST)" executed successfully
2026-07-18 12:04:34,254 [INFO] Running job "cron_recuperar_carritos (trigger: interval[1:00:00], next run at: 2026-07-18 13:04:34 CST)" (scheduled at 2026-07-18 12:04:34.247834-06:00)
2026-07-18 12:04:34,263 [INFO] Job "cron_recuperar_carritos (trigger: interval[1:00:00], next run at: 2026-07-18 13:04:34 CST)" executed successfully
2026-07-18 13:04:34,258 [INFO] Running job "cron_recuperar_carritos (trigger: interval[1:00:00], next run at: 2026-07-18 14:04:34 CST)" (scheduled at 2026-07-18 13:04:34.247834-06:00)
2026-07-18 13:04:34,273 [INFO] Job "cron_recuperar_carritos (trigger: interval[1:00:00], next run at: 2026-07-18 14:04:34 CST)" executed successfully
2026-07-18 14:04:34,254 [INFO] Running job "cron_recuperar_carritos (trigger: interval[1:00:00], next run at: 2026-07-18 15:04:34 CST)" (scheduled at 2026-07-18 14:04:34.247834-06:00)
2026-07-18 14:04:34,265 [INFO] Job "cron_recuperar_carritos (trigger: interval[1:00:00], next run at: 2026-07-18 15:04:34 CST)" executed successfully
2026-07-18 15:04:34,255 [INFO] Running job "cron_recuperar_carritos (trigger: interval[1:00:00], next run at: 2026-07-18 16:04:34 CST)" (scheduled at 2026-07-18 15:04:34.247834-06:00)
2026-07-18 15:04:34,264 [INFO] Job "cron_recuperar_carritos (trigger: interval[1:00:00], next run at: 2026-07-18 16:04:34 CST)" executed successfully
2026-07-18 15:21:58,677 [INFO] Adding job tentatively -- it will be properly scheduled when the scheduler starts
2026-07-18 15:21:58,682 [INFO] Adding job tentatively -- it will be properly scheduled when the scheduler starts
2026-07-18 15:21:58,682 [INFO] Adding job tentatively -- it will be properly scheduled when the scheduler starts
2026-07-18 15:21:58,683 [INFO] Added job "cron_recuperar_carritos" to job store "default"
2026-07-18 15:21:58,683 [INFO] Added job "cron_reporte_mensual" to job store "default"
2026-07-18 15:21:58,683 [INFO] Added job "cron_respaldo_semanal" to job store "default"
2026-07-18 15:21:58,683 [INFO] Scheduler started
2026-07-18 16:22:06,004 [WARNING] Run time of job "cron_recuperar_carritos (trigger: interval[1:00:00], next run at: 2026-07-18 16:21:58 CST)" was missed by 0:00:07.326815
2026-07-18 17:42:36,170 [WARNING] Run time of job "cron_recuperar_carritos (trigger: interval[1:00:00], next run at: 2026-07-18 18:21:58 CST)" was missed by 0:20:37.492169
2026-07-18 18:21:58,679 [INFO] Running job "cron_recuperar_carritos (trigger: interval[1:00:00], next run at: 2026-07-18 19:21:58 CST)" (scheduled at 2026-07-18 18:21:58.677776-06:00)
2026-07-18 18:21:58,734 [INFO] Job "cron_recuperar_carritos (trigger: interval[1:00:00], next run at: 2026-07-18 19:21:58 CST)" executed successfully
2026-07-18 18:40:55,671 [INFO] Adding job tentatively -- it will be properly scheduled when the scheduler starts
2026-07-18 18:40:55,677 [INFO] Adding job tentatively -- it will be properly scheduled when the scheduler starts
2026-07-18 18:40:55,678 [INFO] Adding job tentatively -- it will be properly scheduled when the scheduler starts
2026-07-18 18:40:55,678 [INFO] Added job "cron_recuperar_carritos" to job store "default"
2026-07-18 18:40:55,678 [INFO] Added job "cron_reporte_mensual" to job store "default"
2026-07-18 18:40:55,678 [INFO] Added job "cron_respaldo_semanal" to job store "default"
2026-07-18 18:40:55,678 [INFO] Scheduler started
2026-07-18 18:45:32,407 [INFO] Adding job tentatively -- it will be properly scheduled when the scheduler starts
2026-07-18 18:45:32,417 [INFO] Adding job tentatively -- it will be properly scheduled when the scheduler starts
2026-07-18 18:45:32,417 [INFO] Adding job tentatively -- it will be properly scheduled when the scheduler starts
2026-07-18 18:45:32,417 [INFO] Added job "cron_recuperar_carritos" to job store "default"
2026-07-18 18:45:32,417 [INFO] Added job "cron_reporte_mensual" to job store "default"
2026-07-18 18:45:32,417 [INFO] Added job "cron_respaldo_semanal" to job store "default"
2026-07-18 18:45:32,417 [INFO] Scheduler started
2026-07-18 18:46:42,184 [INFO] Adding job tentatively -- it will be properly scheduled when the scheduler starts
2026-07-18 18:46:42,193 [INFO] Adding job tentatively -- it will be properly scheduled when the scheduler starts
2026-07-18 18:46:42,193 [INFO] Adding job tentatively -- it will be properly scheduled when the scheduler starts
2026-07-18 18:46:42,194 [INFO] Added job "cron_recuperar_carritos" to job store "default"
2026-07-18 18:46:42,194 [INFO] Added job "cron_reporte_mensual" to job store "default"
2026-07-18 18:46:42,194 [INFO] Added job "cron_respaldo_semanal" to job store "default"
2026-07-18 18:46:42,194 [INFO] Scheduler started
2026-07-18 18:46:56,957 [INFO] Adding job tentatively -- it will be properly scheduled when the scheduler starts
2026-07-18 18:46:56,960 [INFO] Adding job tentatively -- it will be properly scheduled when the scheduler starts
2026-07-18 18:46:56,960 [INFO] Adding job tentatively -- it will be properly scheduled when the scheduler starts
2026-07-18 18:46:56,960 [INFO] Added job "cron_recuperar_carritos" to job store "default"
2026-07-18 18:46:56,960 [INFO] Added job "cron_reporte_mensual" to job store "default"
2026-07-18 18:46:56,960 [INFO] Added job "cron_respaldo_semanal" to job store "default"
2026-07-18 18:46:56,960 [INFO] Scheduler started
2026-07-18 18:47:24,992 [INFO] Adding job tentatively -- it will be properly scheduled when the scheduler starts
2026-07-18 18:47:24,994 [INFO] Adding job tentatively -- it will be properly scheduled when the scheduler starts
2026-07-18 18:47:24,994 [INFO] Adding job tentatively -- it will be properly scheduled when the scheduler starts
2026-07-18 18:47:24,995 [INFO] Added job "cron_recuperar_carritos" to job store "default"
2026-07-18 18:47:24,995 [INFO] Added job "cron_reporte_mensual" to job store "default"
2026-07-18 18:47:24,995 [INFO] Added job "cron_respaldo_semanal" to job store "default"
2026-07-18 18:47:24,995 [INFO] Scheduler started
2026-07-18 19:30:46,266 [INFO] Adding job tentatively -- it will be properly scheduled when the scheduler starts
2026-07-18 19:30:46,275 [INFO] Adding job tentatively -- it will be properly scheduled when the scheduler starts
2026-07-18 19:30:46,276 [INFO] Adding job tentatively -- it will be properly scheduled when the scheduler starts
2026-07-18 19:30:46,276 [INFO] Added job "cron_recuperar_carritos" to job store "default"
2026-07-18 19:30:46,276 [INFO] Added job "cron_reporte_mensual" to job store "default"
2026-07-18 19:30:46,276 [INFO] Added job "cron_respaldo_semanal" to job store "default"
2026-07-18 19:30:46,276 [INFO] Scheduler started
2026-07-18 19:31:00,960 [INFO] Adding job tentatively -- it will be properly scheduled when the scheduler starts
2026-07-18 19:31:00,963 [INFO] Adding job tentatively -- it will be properly scheduled when the scheduler starts
2026-07-18 19:31:00,963 [INFO] Adding job tentatively -- it will be properly scheduled when the scheduler starts
2026-07-18 19:31:00,963 [INFO] Added job "cron_recuperar_carritos" to job store "default"
2026-07-18 19:31:00,964 [INFO] Added job "cron_reporte_mensual" to job store "default"
2026-07-18 19:31:00,964 [INFO] Added job "cron_respaldo_semanal" to job store "default"
2026-07-18 19:31:00,964 [INFO] Scheduler started
2026-07-18 19:59:43,707 [INFO] Adding job tentatively -- it will be properly scheduled when the scheduler starts
2026-07-18 19:59:43,716 [INFO] Adding job tentatively -- it will be properly scheduled when the scheduler starts
2026-07-18 19:59:43,716 [INFO] Adding job tentatively -- it will be properly scheduled when the scheduler starts
2026-07-18 19:59:43,717 [INFO] Added job "cron_recuperar_carritos" to job store "default"
2026-07-18 19:59:43,717 [INFO] Added job "cron_reporte_mensual" to job store "default"
2026-07-18 19:59:43,717 [INFO] Added job "cron_respaldo_semanal" to job store "default"
2026-07-18 19:59:43,717 [INFO] Scheduler started
2026-07-18 20:15:45,220 [INFO] Adding job tentatively -- it will be properly scheduled when the scheduler starts
2026-07-18 20:15:45,231 [INFO] Adding job tentatively -- it will be properly scheduled when the scheduler starts
2026-07-18 20:15:45,231 [INFO] Adding job tentatively -- it will be properly scheduled when the scheduler starts
2026-07-18 20:15:45,232 [INFO] Added job "cron_recuperar_carritos" to job store "default"
2026-07-18 20:15:45,232 [INFO] Added job "cron_reporte_mensual" to job store "default"
2026-07-18 20:15:45,232 [INFO] Added job "cron_respaldo_semanal" to job store "default"
2026-07-18 20:15:45,232 [INFO] Scheduler started
2026-07-18 20:22:28,097 [INFO] Adding job tentatively -- it will be properly scheduled when the scheduler starts
2026-07-18 20:22:28,105 [INFO] Adding job tentatively -- it will be properly scheduled when the scheduler starts
2026-07-18 20:22:28,105 [INFO] Adding job tentatively -- it will be properly scheduled when the scheduler starts
2026-07-18 20:22:28,105 [INFO] Added job "cron_recuperar_carritos" to job store "default"
2026-07-18 20:22:28,105 [INFO] Added job "cron_reporte_mensual" to job store "default"
2026-07-18 20:22:28,105 [INFO] Added job "cron_respaldo_semanal" to job store "default"
2026-07-18 20:22:28,105 [INFO] Scheduler started
2026-07-18 20:24:51,867 [INFO] Adding job tentatively -- it will be properly scheduled when the scheduler starts
2026-07-18 20:24:51,878 [INFO] Adding job tentatively -- it will be properly scheduled when the scheduler starts
2026-07-18 20:24:51,878 [INFO] Adding job tentatively -- it will be properly scheduled when the scheduler starts
2026-07-18 20:24:51,878 [INFO] Added job "cron_recuperar_carritos" to job store "default"
2026-07-18 20:24:51,878 [INFO] Added job "cron_reporte_mensual" to job store "default"
2026-07-18 20:24:51,878 [INFO] Added job "cron_respaldo_semanal" to job store "default"
2026-07-18 20:24:51,878 [INFO] Scheduler started
2026-07-18 20:28:23,435 [INFO] Adding job tentatively -- it will be properly scheduled when the scheduler starts
2026-07-18 20:28:23,441 [INFO] Adding job tentatively -- it will be properly scheduled when the scheduler starts
2026-07-18 20:28:23,441 [INFO] Adding job tentatively -- it will be properly scheduled when the scheduler starts
2026-07-18 20:28:23,441 [INFO] Added job "cron_recuperar_carritos" to job store "default"
2026-07-18 20:28:23,442 [INFO] Added job "cron_reporte_mensual" to job store "default"
2026-07-18 20:28:23,442 [INFO] Added job "cron_respaldo_semanal" to job store "default"
2026-07-18 20:28:23,442 [INFO] Scheduler started
2026-07-18 20:29:01,612 [INFO] Adding job tentatively -- it will be properly scheduled when the scheduler starts
2026-07-18 20:29:01,615 [INFO] Adding job tentatively -- it will be properly scheduled when the scheduler starts
2026-07-18 20:29:01,615 [INFO] Adding job tentatively -- it will be properly scheduled when the scheduler starts
2026-07-18 20:29:01,615 [INFO] Added job "cron_recuperar_carritos" to job store "default"
2026-07-18 20:29:01,615 [INFO] Added job "cron_reporte_mensual" to job store "default"
2026-07-18 20:29:01,616 [INFO] Added job "cron_respaldo_semanal" to job store "default"
2026-07-18 20:29:01,616 [INFO] Scheduler started
2026-07-18 20:33:52,614 [INFO] Adding job tentatively -- it will be properly scheduled when the scheduler starts
2026-07-18 20:33:52,624 [INFO] Adding job tentatively -- it will be properly scheduled when the scheduler starts
2026-07-18 20:33:52,625 [INFO] Adding job tentatively -- it will be properly scheduled when the scheduler starts
2026-07-18 20:33:52,625 [INFO] Added job "cron_recuperar_carritos" to job store "default"
2026-07-18 20:33:52,625 [INFO] Added job "cron_reporte_mensual" to job store "default"
2026-07-18 20:33:52,625 [INFO] Added job "cron_respaldo_semanal" to job store "default"
2026-07-18 20:33:52,625 [INFO] Scheduler started
2026-07-18 20:34:24,311 [INFO] Adding job tentatively -- it will be properly scheduled when the scheduler starts
2026-07-18 20:34:24,314 [INFO] Adding job tentatively -- it will be properly scheduled when the scheduler starts
2026-07-18 20:34:24,314 [INFO] Adding job tentatively -- it will be properly scheduled when the scheduler starts
2026-07-18 20:34:24,315 [INFO] Added job "cron_recuperar_carritos" to job store "default"
2026-07-18 20:34:24,316 [INFO] Added job "cron_reporte_mensual" to job store "default"
2026-07-18 20:34:24,316 [INFO] Added job "cron_respaldo_semanal" to job store "default"
2026-07-18 20:34:24,316 [INFO] Scheduler started
2026-07-18 20:34:45,623 [INFO] Adding job tentatively -- it will be properly scheduled when the scheduler starts
2026-07-18 20:34:45,627 [INFO] Adding job tentatively -- it will be properly scheduled when the scheduler starts
2026-07-18 20:34:45,627 [INFO] Adding job tentatively -- it will be properly scheduled when the scheduler starts
2026-07-18 20:34:45,627 [INFO] Added job "cron_recuperar_carritos" to job store "default"
2026-07-18 20:34:45,628 [INFO] Added job "cron_reporte_mensual" to job store "default"
2026-07-18 20:34:45,628 [INFO] Added job "cron_respaldo_semanal" to job store "default"
2026-07-18 20:34:45,628 [INFO] Scheduler started
2026-07-18 20:35:22,333 [INFO] Adding job tentatively -- it will be properly scheduled when the scheduler starts
2026-07-18 20:35:22,338 [INFO] Adding job tentatively -- it will be properly scheduled when the scheduler starts
2026-07-18 20:35:22,338 [INFO] Adding job tentatively -- it will be properly scheduled when the scheduler starts
2026-07-18 20:35:22,338 [INFO] Added job "cron_recuperar_carritos" to job store "default"
2026-07-18 20:35:22,339 [INFO] Added job "cron_reporte_mensual" to job store "default"
2026-07-18 20:35:22,339 [INFO] Added job "cron_respaldo_semanal" to job store "default"
2026-07-18 20:35:22,339 [INFO] Scheduler started
2026-07-18 21:56:19,320 [WARNING] Run time of job "cron_recuperar_carritos (trigger: interval[1:00:00], next run at: 2026-07-18 21:35:22 CST)" was missed by 0:20:56.986232
2026-07-18 22:35:22,339 [INFO] Running job "cron_recuperar_carritos (trigger: interval[1:00:00], next run at: 2026-07-18 23:35:22 CST)" (scheduled at 2026-07-18 22:35:22.333818-06:00)
2026-07-18 22:35:22,369 [INFO] Job "cron_recuperar_carritos (trigger: interval[1:00:00], next run at: 2026-07-18 23:35:22 CST)" executed successfully
2026-07-18 23:12:35,743 [INFO] Adding job tentatively -- it will be properly scheduled when the scheduler starts
2026-07-18 23:12:35,751 [INFO] Adding job tentatively -- it will be properly scheduled when the scheduler starts
2026-07-18 23:12:35,751 [INFO] Adding job tentatively -- it will be properly scheduled when the scheduler starts
2026-07-18 23:12:35,751 [INFO] Added job "cron_recuperar_carritos" to job store "default"
2026-07-18 23:12:35,751 [INFO] Added job "cron_reporte_mensual" to job store "default"
2026-07-18 23:12:35,751 [INFO] Added job "cron_respaldo_semanal" to job store "default"
2026-07-18 23:12:35,752 [INFO] Scheduler started
2026-07-18 23:13:00,768 [INFO] Adding job tentatively -- it will be properly scheduled when the scheduler starts
2026-07-18 23:13:00,770 [INFO] Adding job tentatively -- it will be properly scheduled when the scheduler starts
2026-07-18 23:13:00,770 [INFO] Adding job tentatively -- it will be properly scheduled when the scheduler starts
2026-07-18 23:13:00,771 [INFO] Added job "cron_recuperar_carritos" to job store "default"
2026-07-18 23:13:00,772 [INFO] Added job "cron_reporte_mensual" to job store "default"
2026-07-18 23:13:00,772 [INFO] Added job "cron_respaldo_semanal" to job store "default"
2026-07-18 23:13:00,772 [INFO] Scheduler started
2026-07-18 23:22:11,125 [INFO] Adding job tentatively -- it will be properly scheduled when the scheduler starts
2026-07-18 23:22:11,132 [INFO] Adding job tentatively -- it will be properly scheduled when the scheduler starts
2026-07-18 23:22:11,133 [INFO] Adding job tentatively -- it will be properly scheduled when the scheduler starts
2026-07-18 23:22:11,133 [INFO] Added job "cron_recuperar_carritos" to job store "default"
2026-07-18 23:22:11,133 [INFO] Added job "cron_reporte_mensual" to job store "default"
2026-07-18 23:22:11,133 [INFO] Added job "cron_respaldo_semanal" to job store "default"
2026-07-18 23:22:11,133 [INFO] Scheduler started
2026-07-18 23:22:33,092 [INFO] Adding job tentatively -- it will be properly scheduled when the scheduler starts
2026-07-18 23:22:33,098 [INFO] Adding job tentatively -- it will be properly scheduled when the scheduler starts
2026-07-18 23:22:33,098 [INFO] Adding job tentatively -- it will be properly scheduled when the scheduler starts
2026-07-18 23:22:33,098 [INFO] Added job "cron_recuperar_carritos" to job store "default"
2026-07-18 23:22:33,099 [INFO] Added job "cron_reporte_mensual" to job store "default"
2026-07-18 23:22:33,099 [INFO] Added job "cron_respaldo_semanal" to job store "default"
2026-07-18 23:22:33,099 [INFO] Scheduler started
2026-07-19 00:22:33,098 [INFO] Running job "cron_recuperar_carritos (trigger: interval[1:00:00], next run at: 2026-07-19 00:22:33 CST)" (scheduled at 2026-07-19 00:22:33.092632-06:00)
2026-07-19 00:22:33,127 [INFO] Job "cron_recuperar_carritos (trigger: interval[1:00:00], next run at: 2026-07-19 01:22:33 CST)" executed successfully
2026-07-19 01:16:09,051 [INFO] Adding job tentatively -- it will be properly scheduled when the scheduler starts
2026-07-19 01:16:09,057 [INFO] Adding job tentatively -- it will be properly scheduled when the scheduler starts
2026-07-19 01:16:09,057 [INFO] Adding job tentatively -- it will be properly scheduled when the scheduler starts
2026-07-19 01:16:09,057 [INFO] Added job "cron_recuperar_carritos" to job store "default"
2026-07-19 01:16:09,057 [INFO] Added job "cron_reporte_mensual" to job store "default"
2026-07-19 01:16:09,057 [INFO] Added job "cron_respaldo_semanal" to job store "default"
2026-07-19 01:16:09,057 [INFO] Scheduler started
2026-07-19 12:04:25,038 [WARNING] Run time of job "cron_recuperar_carritos (trigger: interval[1:00:00], next run at: 2026-07-19 02:16:09 CST)" was missed by 0:48:15.986601
2026-07-19 12:04:25,041 [WARNING] Run time of job "cron_respaldo_semanal (trigger: cron[day_of_week='sun', hour='3', minute='0'], next run at: 2026-07-26 03:00:00 CST)" was missed by 9:04:25.041602
2026-07-19 12:04:25,042 [WARNING] Run time of job "cron_reporte_mensual (trigger: cron[hour='8', minute='0'], next run at: 2026-07-20 08:00:00 CST)" was missed by 4:04:25.042221
2026-07-19 12:16:32,132 [WARNING] Run time of job "cron_recuperar_carritos (trigger: interval[1:00:00], next run at: 2026-07-19 13:16:09 CST)" was missed by 0:00:23.081491
2026-07-19 13:16:09,052 [INFO] Running job "cron_recuperar_carritos (trigger: interval[1:00:00], next run at: 2026-07-19 14:16:09 CST)" (scheduled at 2026-07-19 13:16:09.051299-06:00)
2026-07-19 13:16:09,079 [INFO] Job "cron_recuperar_carritos (trigger: interval[1:00:00], next run at: 2026-07-19 14:16:09 CST)" executed successfully
2026-07-19 14:16:09,053 [INFO] Running job "cron_recuperar_carritos (trigger: interval[1:00:00], next run at: 2026-07-19 15:16:09 CST)" (scheduled at 2026-07-19 14:16:09.051299-06:00)
2026-07-19 14:16:09,061 [INFO] Job "cron_recuperar_carritos (trigger: interval[1:00:00], next run at: 2026-07-19 15:16:09 CST)" executed successfully
2026-07-19 15:16:09,054 [INFO] Running job "cron_recuperar_carritos (trigger: interval[1:00:00], next run at: 2026-07-19 16:16:09 CST)" (scheduled at 2026-07-19 15:16:09.051299-06:00)
2026-07-19 15:16:09,064 [INFO] Job "cron_recuperar_carritos (trigger: interval[1:00:00], next run at: 2026-07-19 16:16:09 CST)" executed successfully
2026-07-19 16:16:09,054 [INFO] Running job "cron_recuperar_carritos (trigger: interval[1:00:00], next run at: 2026-07-19 17:16:09 CST)" (scheduled at 2026-07-19 16:16:09.051299-06:00)
2026-07-19 16:16:09,065 [INFO] Job "cron_recuperar_carritos (trigger: interval[1:00:00], next run at: 2026-07-19 17:16:09 CST)" executed successfully
2026-07-19 17:16:09,052 [INFO] Running job "cron_recuperar_carritos (trigger: interval[1:00:00], next run at: 2026-07-19 18:16:09 CST)" (scheduled at 2026-07-19 17:16:09.051299-06:00)
2026-07-19 17:16:09,058 [INFO] Job "cron_recuperar_carritos (trigger: interval[1:00:00], next run at: 2026-07-19 18:16:09 CST)" executed successfully
2026-07-19 18:16:09,052 [INFO] Running job "cron_recuperar_carritos (trigger: interval[1:00:00], next run at: 2026-07-19 19:16:09 CST)" (scheduled at 2026-07-19 18:16:09.051299-06:00)
2026-07-19 18:16:09,057 [INFO] Job "cron_recuperar_carritos (trigger: interval[1:00:00], next run at: 2026-07-19 19:16:09 CST)" executed successfully
2026-07-19 19:16:09,053 [INFO] Running job "cron_recuperar_carritos (trigger: interval[1:00:00], next run at: 2026-07-19 20:16:09 CST)" (scheduled at 2026-07-19 19:16:09.051299-06:00)
2026-07-19 19:16:09,061 [INFO] Job "cron_recuperar_carritos (trigger: interval[1:00:00], next run at: 2026-07-19 20:16:09 CST)" executed successfully
2026-07-19 20:16:09,054 [INFO] Running job "cron_recuperar_carritos (trigger: interval[1:00:00], next run at: 2026-07-19 21:16:09 CST)" (scheduled at 2026-07-19 20:16:09.051299-06:00)
2026-07-19 20:16:09,065 [INFO] Job "cron_recuperar_carritos (trigger: interval[1:00:00], next run at: 2026-07-19 21:16:09 CST)" executed successfully
2026-07-19 21:16:09,052 [INFO] Running job "cron_recuperar_carritos (trigger: interval[1:00:00], next run at: 2026-07-19 22:16:09 CST)" (scheduled at 2026-07-19 21:16:09.051299-06:00)
2026-07-19 21:16:09,058 [INFO] Job "cron_recuperar_carritos (trigger: interval[1:00:00], next run at: 2026-07-19 22:16:09 CST)" executed successfully
2026-07-19 22:16:09,053 [INFO] Running job "cron_recuperar_carritos (trigger: interval[1:00:00], next run at: 2026-07-19 23:16:09 CST)" (scheduled at 2026-07-19 22:16:09.051299-06:00)
2026-07-19 22:16:09,059 [INFO] Job "cron_recuperar_carritos (trigger: interval[1:00:00], next run at: 2026-07-19 23:16:09 CST)" executed successfully
2026-07-19 23:16:09,055 [INFO] Running job "cron_recuperar_carritos (trigger: interval[1:00:00], next run at: 2026-07-20 00:16:09 CST)" (scheduled at 2026-07-19 23:16:09.051299-06:00)
2026-07-19 23:16:09,068 [INFO] Job "cron_recuperar_carritos (trigger: interval[1:00:00], next run at: 2026-07-20 00:16:09 CST)" executed successfully
2026-07-20 00:16:09,054 [INFO] Running job "cron_recuperar_carritos (trigger: interval[1:00:00], next run at: 2026-07-20 01:16:09 CST)" (scheduled at 2026-07-20 00:16:09.051299-06:00)
2026-07-20 00:16:09,066 [INFO] Job "cron_recuperar_carritos (trigger: interval[1:00:00], next run at: 2026-07-20 01:16:09 CST)" executed successfully
2026-07-20 01:16:09,053 [INFO] Running job "cron_recuperar_carritos (trigger: interval[1:00:00], next run at: 2026-07-20 02:16:09 CST)" (scheduled at 2026-07-20 01:16:09.051299-06:00)
2026-07-20 01:16:09,065 [INFO] Job "cron_recuperar_carritos (trigger: interval[1:00:00], next run at: 2026-07-20 02:16:09 CST)" executed successfully
2026-07-20 02:16:09,053 [INFO] Running job "cron_recuperar_carritos (trigger: interval[1:00:00], next run at: 2026-07-20 03:16:09 CST)" (scheduled at 2026-07-20 02:16:09.051299-06:00)
2026-07-20 02:16:09,063 [INFO] Job "cron_recuperar_carritos (trigger: interval[1:00:00], next run at: 2026-07-20 03:16:09 CST)" executed successfully
2026-07-20 03:16:09,052 [INFO] Running job "cron_recuperar_carritos (trigger: interval[1:00:00], next run at: 2026-07-20 04:16:09 CST)" (scheduled at 2026-07-20 03:16:09.051299-06:00)
2026-07-20 03:16:09,058 [INFO] Job "cron_recuperar_carritos (trigger: interval[1:00:00], next run at: 2026-07-20 04:16:09 CST)" executed successfully
2026-07-20 04:16:09,052 [INFO] Running job "cron_recuperar_carritos (trigger: interval[1:00:00], next run at: 2026-07-20 05:16:09 CST)" (scheduled at 2026-07-20 04:16:09.051299-06:00)
2026-07-20 04:16:09,057 [INFO] Job "cron_recuperar_carritos (trigger: interval[1:00:00], next run at: 2026-07-20 05:16:09 CST)" executed successfully
2026-07-20 05:16:09,054 [INFO] Running job "cron_recuperar_carritos (trigger: interval[1:00:00], next run at: 2026-07-20 06:16:09 CST)" (scheduled at 2026-07-20 05:16:09.051299-06:00)
2026-07-20 05:16:09,067 [INFO] Job "cron_recuperar_carritos (trigger: interval[1:00:00], next run at: 2026-07-20 06:16:09 CST)" executed successfully
2026-07-20 06:16:09,053 [INFO] Running job "cron_recuperar_carritos (trigger: interval[1:00:00], next run at: 2026-07-20 07:16:09 CST)" (scheduled at 2026-07-20 06:16:09.051299-06:00)
2026-07-20 06:16:09,062 [INFO] Job "cron_recuperar_carritos (trigger: interval[1:00:00], next run at: 2026-07-20 07:16:09 CST)" executed successfully
2026-07-20 07:16:09,052 [INFO] Running job "cron_recuperar_carritos (trigger: interval[1:00:00], next run at: 2026-07-20 08:16:09 CST)" (scheduled at 2026-07-20 07:16:09.051299-06:00)
2026-07-20 07:16:09,057 [INFO] Job "cron_recuperar_carritos (trigger: interval[1:00:00], next run at: 2026-07-20 08:16:09 CST)" executed successfully
2026-07-20 08:00:00,001 [INFO] Running job "cron_reporte_mensual (trigger: cron[hour='8', minute='0'], next run at: 2026-07-21 08:00:00 CST)" (scheduled at 2026-07-20 08:00:00-06:00)
2026-07-20 08:00:00,004 [INFO] Job "cron_reporte_mensual (trigger: cron[hour='8', minute='0'], next run at: 2026-07-21 08:00:00 CST)" executed successfully
2026-07-20 08:16:09,052 [INFO] Running job "cron_recuperar_carritos (trigger: interval[1:00:00], next run at: 2026-07-20 09:16:09 CST)" (scheduled at 2026-07-20 08:16:09.051299-06:00)
2026-07-20 08:16:09,058 [INFO] Job "cron_recuperar_carritos (trigger: interval[1:00:00], next run at: 2026-07-20 09:16:09 CST)" executed successfully
2026-07-20 09:16:09,054 [INFO] Running job "cron_recuperar_carritos (trigger: interval[1:00:00], next run at: 2026-07-20 10:16:09 CST)" (scheduled at 2026-07-20 09:16:09.051299-06:00)
2026-07-20 09:16:09,060 [INFO] Job "cron_recuperar_carritos (trigger: interval[1:00:00], next run at: 2026-07-20 10:16:09 CST)" executed successfully
2026-07-20 10:16:09,053 [INFO] Running job "cron_recuperar_carritos (trigger: interval[1:00:00], next run at: 2026-07-20 11:16:09 CST)" (scheduled at 2026-07-20 10:16:09.051299-06:00)
2026-07-20 10:16:09,058 [INFO] Job "cron_recuperar_carritos (trigger: interval[1:00:00], next run at: 2026-07-20 11:16:09 CST)" executed successfully
2026-07-20 11:16:09,054 [INFO] Running job "cron_recuperar_carritos (trigger: interval[1:00:00], next run at: 2026-07-20 12:16:09 CST)" (scheduled at 2026-07-20 11:16:09.051299-06:00)
2026-07-20 11:16:09,066 [INFO] Job "cron_recuperar_carritos (trigger: interval[1:00:00], next run at: 2026-07-20 12:16:09 CST)" executed successfully
2026-07-20 12:16:09,052 [INFO] Running job "cron_recuperar_carritos (trigger: interval[1:00:00], next run at: 2026-07-20 13:16:09 CST)" (scheduled at 2026-07-20 12:16:09.051299-06:00)
2026-07-20 12:16:09,057 [INFO] Job "cron_recuperar_carritos (trigger: interval[1:00:00], next run at: 2026-07-20 13:16:09 CST)" executed successfully
2026-07-20 13:16:09,053 [INFO] Running job "cron_recuperar_carritos (trigger: interval[1:00:00], next run at: 2026-07-20 14:16:09 CST)" (scheduled at 2026-07-20 13:16:09.051299-06:00)
2026-07-20 13:16:09,059 [INFO] Job "cron_recuperar_carritos (trigger: interval[1:00:00], next run at: 2026-07-20 14:16:09 CST)" executed successfully
2026-07-20 14:26:47,508 [WARNING] Run time of job "cron_recuperar_carritos (trigger: interval[1:00:00], next run at: 2026-07-20 15:16:09 CST)" was missed by 0:10:38.456801
2026-07-20 15:16:09,052 [INFO] Running job "cron_recuperar_carritos (trigger: interval[1:00:00], next run at: 2026-07-20 16:16:09 CST)" (scheduled at 2026-07-20 15:16:09.051299-06:00)
2026-07-20 15:16:09,061 [INFO] Job "cron_recuperar_carritos (trigger: interval[1:00:00], next run at: 2026-07-20 16:16:09 CST)" executed successfully
2026-07-20 16:16:09,053 [INFO] Running job "cron_recuperar_carritos (trigger: interval[1:00:00], next run at: 2026-07-20 17:16:09 CST)" (scheduled at 2026-07-20 16:16:09.051299-06:00)
2026-07-20 16:16:09,060 [INFO] Job "cron_recuperar_carritos (trigger: interval[1:00:00], next run at: 2026-07-20 17:16:09 CST)" executed successfully
2026-07-20 17:16:09,061 [INFO] Running job "cron_recuperar_carritos (trigger: interval[1:00:00], next run at: 2026-07-20 18:16:09 CST)" (scheduled at 2026-07-20 17:16:09.051299-06:00)
2026-07-20 17:16:09,072 [INFO] Job "cron_recuperar_carritos (trigger: interval[1:00:00], next run at: 2026-07-20 18:16:09 CST)" executed successfully
2026-07-20 18:16:09,058 [INFO] Running job "cron_recuperar_carritos (trigger: interval[1:00:00], next run at: 2026-07-20 19:16:09 CST)" (scheduled at 2026-07-20 18:16:09.051299-06:00)
2026-07-20 18:16:09,077 [INFO] Job "cron_recuperar_carritos (trigger: interval[1:00:00], next run at: 2026-07-20 19:16:09 CST)" executed successfully
2026-07-20 19:16:09,065 [INFO] Running job "cron_recuperar_carritos (trigger: interval[1:00:00], next run at: 2026-07-20 20:16:09 CST)" (scheduled at 2026-07-20 19:16:09.051299-06:00)
2026-07-20 19:16:09,080 [INFO] Job "cron_recuperar_carritos (trigger: interval[1:00:00], next run at: 2026-07-20 20:16:09 CST)" executed successfully
2026-07-20 20:16:09,054 [INFO] Running job "cron_recuperar_carritos (trigger: interval[1:00:00], next run at: 2026-07-20 21:16:09 CST)" (scheduled at 2026-07-20 20:16:09.051299-06:00)
2026-07-20 20:16:09,066 [INFO] Job "cron_recuperar_carritos (trigger: interval[1:00:00], next run at: 2026-07-20 21:16:09 CST)" executed successfully
2026-07-20 21:16:09,065 [INFO] Running job "cron_recuperar_carritos (trigger: interval[1:00:00], next run at: 2026-07-20 22:16:09 CST)" (scheduled at 2026-07-20 21:16:09.051299-06:00)
2026-07-20 21:16:09,081 [INFO] Job "cron_recuperar_carritos (trigger: interval[1:00:00], next run at: 2026-07-20 22:16:09 CST)" executed successfully
2026-07-20 22:16:09,057 [INFO] Running job "cron_recuperar_carritos (trigger: interval[1:00:00], next run at: 2026-07-20 23:16:09 CST)" (scheduled at 2026-07-20 22:16:09.051299-06:00)
2026-07-20 22:16:09,075 [INFO] Job "cron_recuperar_carritos (trigger: interval[1:00:00], next run at: 2026-07-20 23:16:09 CST)" executed successfully
2026-07-20 23:16:09,066 [INFO] Running job "cron_recuperar_carritos (trigger: interval[1:00:00], next run at: 2026-07-21 00:16:09 CST)" (scheduled at 2026-07-20 23:16:09.051299-06:00)
2026-07-20 23:16:09,079 [INFO] Job "cron_recuperar_carritos (trigger: interval[1:00:00], next run at: 2026-07-21 00:16:09 CST)" executed successfully
2026-07-21 12:13:02,966 [WARNING] Run time of job "cron_recuperar_carritos (trigger: interval[1:00:00], next run at: 2026-07-21 12:16:09 CST)" was missed by 0:56:53.914801
2026-07-21 12:13:02,968 [WARNING] Run time of job "cron_reporte_mensual (trigger: cron[hour='8', minute='0'], next run at: 2026-07-22 08:00:00 CST)" was missed by 4:13:02.968581
2026-07-21 12:19:26,533 [WARNING] Run time of job "cron_recuperar_carritos (trigger: interval[1:00:00], next run at: 2026-07-21 13:16:09 CST)" was missed by 0:03:17.481984
2026-07-21 12:20:33,787 [INFO] Adding job tentatively -- it will be properly scheduled when the scheduler starts
2026-07-21 12:20:33,790 [INFO] Adding job tentatively -- it will be properly scheduled when the scheduler starts
2026-07-21 12:20:33,791 [INFO] Adding job tentatively -- it will be properly scheduled when the scheduler starts
2026-07-21 12:20:33,791 [INFO] Added job "cron_recuperar_carritos" to job store "default"
2026-07-21 12:20:33,791 [INFO] Added job "cron_reporte_mensual" to job store "default"
2026-07-21 12:20:33,791 [INFO] Added job "cron_respaldo_semanal" to job store "default"
2026-07-21 12:20:33,791 [INFO] Scheduler started
2026-07-21 13:20:33,790 [INFO] Running job "cron_recuperar_carritos (trigger: interval[1:00:00], next run at: 2026-07-21 13:20:33 CST)" (scheduled at 2026-07-21 13:20:33.787487-06:00)
2026-07-21 13:20:33,814 [INFO] Job "cron_recuperar_carritos (trigger: interval[1:00:00], next run at: 2026-07-21 14:20:33 CST)" executed successfully
2026-07-21 14:20:33,788 [INFO] Running job "cron_recuperar_carritos (trigger: interval[1:00:00], next run at: 2026-07-21 15:20:33 CST)" (scheduled at 2026-07-21 14:20:33.787487-06:00)
2026-07-21 14:20:33,790 [INFO] Job "cron_recuperar_carritos (trigger: interval[1:00:00], next run at: 2026-07-21 15:20:33 CST)" executed successfully
2026-07-21 15:20:33,788 [INFO] Running job "cron_recuperar_carritos (trigger: interval[1:00:00], next run at: 2026-07-21 16:20:33 CST)" (scheduled at 2026-07-21 15:20:33.787487-06:00)
2026-07-21 15:20:33,793 [INFO] Job "cron_recuperar_carritos (trigger: interval[1:00:00], next run at: 2026-07-21 16:20:33 CST)" executed successfully
2026-07-21 18:15:38,877 [INFO] Adding job tentatively -- it will be properly scheduled when the scheduler starts
2026-07-21 18:15:38,892 [INFO] Adding job tentatively -- it will be properly scheduled when the scheduler starts
2026-07-21 18:15:38,892 [INFO] Adding job tentatively -- it will be properly scheduled when the scheduler starts
2026-07-21 18:15:38,892 [INFO] Added job "cron_recuperar_carritos" to job store "default"
2026-07-21 18:15:38,892 [INFO] Added job "cron_reporte_mensual" to job store "default"
2026-07-21 18:15:38,893 [INFO] Added job "cron_respaldo_semanal" to job store "default"
2026-07-21 18:15:38,893 [INFO] Scheduler started
2026-07-21 19:15:38,878 [INFO] Running job "cron_recuperar_carritos (trigger: interval[1:00:00], next run at: 2026-07-21 19:15:38 CST)" (scheduled at 2026-07-21 19:15:38.877527-06:00)
2026-07-21 19:15:38,898 [INFO] Job "cron_recuperar_carritos (trigger: interval[1:00:00], next run at: 2026-07-21 20:15:38 CST)" executed successfully
2026-07-21 20:15:38,881 [INFO] Running job "cron_recuperar_carritos (trigger: interval[1:00:00], next run at: 2026-07-21 21:15:38 CST)" (scheduled at 2026-07-21 20:15:38.877527-06:00)
2026-07-21 20:15:38,894 [INFO] Job "cron_recuperar_carritos (trigger: interval[1:00:00], next run at: 2026-07-21 21:15:38 CST)" executed successfully
2026-07-21 21:15:38,878 [INFO] Running job "cron_recuperar_carritos (trigger: interval[1:00:00], next run at: 2026-07-21 22:15:38 CST)" (scheduled at 2026-07-21 21:15:38.877527-06:00)
2026-07-21 21:15:38,883 [INFO] Job "cron_recuperar_carritos (trigger: interval[1:00:00], next run at: 2026-07-21 22:15:38 CST)" executed successfully
2026-07-21 22:15:38,879 [INFO] Running job "cron_recuperar_carritos (trigger: interval[1:00:00], next run at: 2026-07-21 23:15:38 CST)" (scheduled at 2026-07-21 22:15:38.877527-06:00)
2026-07-21 22:15:38,884 [INFO] Job "cron_recuperar_carritos (trigger: interval[1:00:00], next run at: 2026-07-21 23:15:38 CST)" executed successfully
2026-07-21 23:15:38,880 [INFO] Running job "cron_recuperar_carritos (trigger: interval[1:00:00], next run at: 2026-07-22 00:15:38 CST)" (scheduled at 2026-07-21 23:15:38.877527-06:00)
2026-07-21 23:15:38,887 [INFO] Job "cron_recuperar_carritos (trigger: interval[1:00:00], next run at: 2026-07-22 00:15:38 CST)" executed successfully
2026-07-22 00:27:43,129 [INFO] Adding job tentatively -- it will be properly scheduled when the scheduler starts
2026-07-22 00:27:43,139 [INFO] Adding job tentatively -- it will be properly scheduled when the scheduler starts
2026-07-22 00:27:43,139 [INFO] Adding job tentatively -- it will be properly scheduled when the scheduler starts
2026-07-22 00:27:43,139 [INFO] Added job "cron_recuperar_carritos" to job store "default"
2026-07-22 00:27:43,139 [INFO] Added job "cron_reporte_mensual" to job store "default"
2026-07-22 00:27:43,140 [INFO] Added job "cron_respaldo_semanal" to job store "default"
2026-07-22 00:27:43,140 [INFO] Scheduler started
2026-07-22 00:28:07,743 [INFO] Adding job tentatively -- it will be properly scheduled when the scheduler starts
2026-07-22 00:28:07,746 [INFO] Adding job tentatively -- it will be properly scheduled when the scheduler starts
2026-07-22 00:28:07,746 [INFO] Adding job tentatively -- it will be properly scheduled when the scheduler starts
2026-07-22 00:28:07,746 [INFO] Added job "cron_recuperar_carritos" to job store "default"
2026-07-22 00:28:07,747 [INFO] Added job "cron_reporte_mensual" to job store "default"
2026-07-22 00:28:07,747 [INFO] Added job "cron_respaldo_semanal" to job store "default"
2026-07-22 00:28:07,747 [INFO] Scheduler started
2026-07-22 01:16:05,277 [INFO] Adding job tentatively -- it will be properly scheduled when the scheduler starts
2026-07-22 01:16:05,286 [INFO] Adding job tentatively -- it will be properly scheduled when the scheduler starts
2026-07-22 01:16:05,286 [INFO] Adding job tentatively -- it will be properly scheduled when the scheduler starts
2026-07-22 01:16:05,286 [INFO] Added job "cron_recuperar_carritos" to job store "default"
2026-07-22 01:16:05,287 [INFO] Added job "cron_reporte_mensual" to job store "default"
2026-07-22 01:16:05,287 [INFO] Added job "cron_respaldo_semanal" to job store "default"
2026-07-22 01:16:05,287 [INFO] Scheduler started
2026-07-22 01:16:52,355 [INFO] Adding job tentatively -- it will be properly scheduled when the scheduler starts
2026-07-22 01:16:52,358 [INFO] Adding job tentatively -- it will be properly scheduled when the scheduler starts
2026-07-22 01:16:52,358 [INFO] Adding job tentatively -- it will be properly scheduled when the scheduler starts
2026-07-22 01:16:52,358 [INFO] Added job "cron_recuperar_carritos" to job store "default"
2026-07-22 01:16:52,358 [INFO] Added job "cron_reporte_mensual" to job store "default"
2026-07-22 01:16:52,359 [INFO] Added job "cron_respaldo_semanal" to job store "default"
2026-07-22 01:16:52,359 [INFO] Scheduler started
2026-07-22 01:29:02,289 [INFO] Adding job tentatively -- it will be properly scheduled when the scheduler starts
2026-07-22 01:29:02,294 [INFO] Adding job tentatively -- it will be properly scheduled when the scheduler starts
2026-07-22 01:29:02,294 [INFO] Adding job tentatively -- it will be properly scheduled when the scheduler starts
2026-07-22 01:29:02,294 [INFO] Added job "cron_recuperar_carritos" to job store "default"
2026-07-22 01:29:02,294 [INFO] Added job "cron_reporte_mensual" to job store "default"
2026-07-22 01:29:02,294 [INFO] Added job "cron_respaldo_semanal" to job store "default"
2026-07-22 01:29:02,295 [INFO] Scheduler started
2026-07-22 01:29:34,152 [INFO] Adding job tentatively -- it will be properly scheduled when the scheduler starts
2026-07-22 01:29:34,155 [INFO] Adding job tentatively -- it will be properly scheduled when the scheduler starts
2026-07-22 01:29:34,155 [INFO] Adding job tentatively -- it will be properly scheduled when the scheduler starts
2026-07-22 01:29:34,155 [INFO] Added job "cron_recuperar_carritos" to job store "default"
2026-07-22 01:29:34,155 [INFO] Added job "cron_reporte_mensual" to job store "default"
2026-07-22 01:29:34,155 [INFO] Added job "cron_respaldo_semanal" to job store "default"
2026-07-22 01:29:34,155 [INFO] Scheduler started
2026-07-22 01:29:52,612 [INFO] Adding job tentatively -- it will be properly scheduled when the scheduler starts
2026-07-22 01:29:52,614 [INFO] Adding job tentatively -- it will be properly scheduled when the scheduler starts
2026-07-22 01:29:52,615 [INFO] Adding job tentatively -- it will be properly scheduled when the scheduler starts
2026-07-22 01:29:52,615 [INFO] Added job "cron_recuperar_carritos" to job store "default"
2026-07-22 01:29:52,615 [INFO] Added job "cron_reporte_mensual" to job store "default"
2026-07-22 01:29:52,615 [INFO] Added job "cron_respaldo_semanal" to job store "default"
2026-07-22 01:29:52,615 [INFO] Scheduler started
2026-07-22 01:30:21,527 [INFO] Adding job tentatively -- it will be properly scheduled when the scheduler starts
2026-07-22 01:30:21,530 [INFO] Adding job tentatively -- it will be properly scheduled when the scheduler starts
2026-07-22 01:30:21,530 [INFO] Adding job tentatively -- it will be properly scheduled when the scheduler starts
2026-07-22 01:30:21,530 [INFO] Added job "cron_recuperar_carritos" to job store "default"
2026-07-22 01:30:21,530 [INFO] Added job "cron_reporte_mensual" to job store "default"
2026-07-22 01:30:21,531 [INFO] Added job "cron_respaldo_semanal" to job store "default"
2026-07-22 01:30:21,531 [INFO] Scheduler started
2026-07-22 01:30:46,644 [INFO] Adding job tentatively -- it will be properly scheduled when the scheduler starts
2026-07-22 01:30:46,647 [INFO] Adding job tentatively -- it will be properly scheduled when the scheduler starts
2026-07-22 01:30:46,647 [INFO] Adding job tentatively -- it will be properly scheduled when the scheduler starts
2026-07-22 01:30:46,647 [INFO] Added job "cron_recuperar_carritos" to job store "default"
2026-07-22 01:30:46,647 [INFO] Added job "cron_reporte_mensual" to job store "default"
2026-07-22 01:30:46,647 [INFO] Added job "cron_respaldo_semanal" to job store "default"
2026-07-22 01:30:46,648 [INFO] Scheduler started
2026-07-22 01:30:59,093 [INFO] Adding job tentatively -- it will be properly scheduled when the scheduler starts
2026-07-22 01:30:59,095 [INFO] Adding job tentatively -- it will be properly scheduled when the scheduler starts
2026-07-22 01:30:59,095 [INFO] Adding job tentatively -- it will be properly scheduled when the scheduler starts
2026-07-22 01:30:59,095 [INFO] Added job "cron_recuperar_carritos" to job store "default"
2026-07-22 01:30:59,095 [INFO] Added job "cron_reporte_mensual" to job store "default"
2026-07-22 01:30:59,095 [INFO] Added job "cron_respaldo_semanal" to job store "default"
2026-07-22 01:30:59,095 [INFO] Scheduler started
2026-07-22 01:33:01,656 [INFO] Adding job tentatively -- it will be properly scheduled when the scheduler starts
2026-07-22 01:33:01,666 [INFO] Adding job tentatively -- it will be properly scheduled when the scheduler starts
2026-07-22 01:33:01,666 [INFO] Adding job tentatively -- it will be properly scheduled when the scheduler starts
2026-07-22 01:33:01,666 [INFO] Added job "cron_recuperar_carritos" to job store "default"
2026-07-22 01:33:01,666 [INFO] Added job "cron_reporte_mensual" to job store "default"
2026-07-22 01:33:01,666 [INFO] Added job "cron_respaldo_semanal" to job store "default"
2026-07-22 01:33:01,667 [INFO] Scheduler started
2026-07-22 01:36:56,461 [INFO] Adding job tentatively -- it will be properly scheduled when the scheduler starts
2026-07-22 01:36:56,472 [INFO] Adding job tentatively -- it will be properly scheduled when the scheduler starts
2026-07-22 01:36:56,473 [INFO] Adding job tentatively -- it will be properly scheduled when the scheduler starts
2026-07-22 01:36:56,473 [INFO] Added job "cron_recuperar_carritos" to job store "default"
2026-07-22 01:36:56,473 [INFO] Added job "cron_reporte_mensual" to job store "default"
2026-07-22 01:36:56,474 [INFO] Added job "cron_respaldo_semanal" to job store "default"
2026-07-22 01:36:56,474 [INFO] Scheduler started
2026-07-22 01:37:15,770 [INFO] Adding job tentatively -- it will be properly scheduled when the scheduler starts
2026-07-22 01:37:15,772 [INFO] Adding job tentatively -- it will be properly scheduled when the scheduler starts
2026-07-22 01:37:15,772 [INFO] Adding job tentatively -- it will be properly scheduled when the scheduler starts
2026-07-22 01:37:15,773 [INFO] Added job "cron_recuperar_carritos" to job store "default"
2026-07-22 01:37:15,773 [INFO] Added job "cron_reporte_mensual" to job store "default"
2026-07-22 01:37:15,773 [INFO] Added job "cron_respaldo_semanal" to job store "default"
2026-07-22 01:37:15,773 [INFO] Scheduler started
2026-07-22 01:37:29,192 [INFO] Adding job tentatively -- it will be properly scheduled when the scheduler starts
2026-07-22 01:37:29,195 [INFO] Adding job tentatively -- it will be properly scheduled when the scheduler starts
2026-07-22 01:37:29,195 [INFO] Adding job tentatively -- it will be properly scheduled when the scheduler starts
2026-07-22 01:37:29,195 [INFO] Added job "cron_recuperar_carritos" to job store "default"
2026-07-22 01:37:29,195 [INFO] Added job "cron_reporte_mensual" to job store "default"
2026-07-22 01:37:29,195 [INFO] Added job "cron_respaldo_semanal" to job store "default"
2026-07-22 01:37:29,196 [INFO] Scheduler started
2026-07-22 01:38:10,993 [INFO] Adding job tentatively -- it will be properly scheduled when the scheduler starts
2026-07-22 01:38:10,996 [INFO] Adding job tentatively -- it will be properly scheduled when the scheduler starts
2026-07-22 01:38:10,996 [INFO] Adding job tentatively -- it will be properly scheduled when the scheduler starts
2026-07-22 01:38:10,996 [INFO] Added job "cron_recuperar_carritos" to job store "default"
2026-07-22 01:38:10,996 [INFO] Added job "cron_reporte_mensual" to job store "default"
2026-07-22 01:38:10,996 [INFO] Added job "cron_respaldo_semanal" to job store "default"
2026-07-22 01:38:10,996 [INFO] Scheduler started
2026-07-22 01:38:23,182 [INFO] Adding job tentatively -- it will be properly scheduled when the scheduler starts
2026-07-22 01:38:23,185 [INFO] Adding job tentatively -- it will be properly scheduled when the scheduler starts
2026-07-22 01:38:23,185 [INFO] Adding job tentatively -- it will be properly scheduled when the scheduler starts
2026-07-22 01:38:23,186 [INFO] Added job "cron_recuperar_carritos" to job store "default"
2026-07-22 01:38:23,186 [INFO] Added job "cron_reporte_mensual" to job store "default"
2026-07-22 01:38:23,186 [INFO] Added job "cron_respaldo_semanal" to job store "default"
2026-07-22 01:38:23,186 [INFO] Scheduler started
2026-07-22 01:53:23,711 [INFO] Adding job tentatively -- it will be properly scheduled when the scheduler starts
2026-07-22 01:53:23,717 [INFO] Adding job tentatively -- it will be properly scheduled when the scheduler starts
2026-07-22 01:53:23,717 [INFO] Adding job tentatively -- it will be properly scheduled when the scheduler starts
2026-07-22 01:53:23,717 [INFO] Added job "cron_recuperar_carritos" to job store "default"
2026-07-22 01:53:23,717 [INFO] Added job "cron_reporte_mensual" to job store "default"
2026-07-22 01:53:23,717 [INFO] Added job "cron_respaldo_semanal" to job store "default"
2026-07-22 01:53:23,717 [INFO] Scheduler started
2026-07-22 15:42:10,130 [INFO] Adding job tentatively -- it will be properly scheduled when the scheduler starts
2026-07-22 15:42:10,133 [INFO] Adding job tentatively -- it will be properly scheduled when the scheduler starts
2026-07-22 15:42:10,133 [INFO] Adding job tentatively -- it will be properly scheduled when the scheduler starts
2026-07-22 15:42:10,133 [INFO] Added job "cron_recuperar_carritos" to job store "default"
2026-07-22 15:42:10,134 [INFO] Added job "cron_reporte_mensual" to job store "default"
2026-07-22 15:42:10,134 [INFO] Added job "cron_respaldo_semanal" to job store "default"
2026-07-22 15:42:10,134 [INFO] Scheduler started
2026-07-22 15:42:48,978 [INFO] Adding job tentatively -- it will be properly scheduled when the scheduler starts
2026-07-22 15:42:48,982 [INFO] Adding job tentatively -- it will be properly scheduled when the scheduler starts
2026-07-22 15:42:48,982 [INFO] Adding job tentatively -- it will be properly scheduled when the scheduler starts
2026-07-22 15:42:48,982 [INFO] Added job "cron_recuperar_carritos" to job store "default"
2026-07-22 15:42:48,982 [INFO] Added job "cron_reporte_mensual" to job store "default"
2026-07-22 15:42:48,983 [INFO] Added job "cron_respaldo_semanal" to job store "default"
2026-07-22 15:42:48,983 [INFO] Scheduler started
2026-07-22 16:00:38,766 [INFO] Adding job tentatively -- it will be properly scheduled when the scheduler starts
2026-07-22 16:00:38,773 [INFO] Adding job tentatively -- it will be properly scheduled when the scheduler starts
2026-07-22 16:00:38,773 [INFO] Adding job tentatively -- it will be properly scheduled when the scheduler starts
2026-07-22 16:00:38,774 [INFO] Added job "cron_recuperar_carritos" to job store "default"
2026-07-22 16:00:38,774 [INFO] Added job "cron_reporte_mensual" to job store "default"
2026-07-22 16:00:38,774 [INFO] Added job "cron_respaldo_semanal" to job store "default"
2026-07-22 16:00:38,774 [INFO] Scheduler started
2026-07-22 16:00:52,582 [INFO] Adding job tentatively -- it will be properly scheduled when the scheduler starts
2026-07-22 16:00:52,585 [INFO] Adding job tentatively -- it will be properly scheduled when the scheduler starts
2026-07-22 16:00:52,585 [INFO] Adding job tentatively -- it will be properly scheduled when the scheduler starts
2026-07-22 16:00:52,586 [INFO] Added job "cron_recuperar_carritos" to job store "default"
2026-07-22 16:00:52,586 [INFO] Added job "cron_reporte_mensual" to job store "default"
2026-07-22 16:00:52,586 [INFO] Added job "cron_respaldo_semanal" to job store "default"
2026-07-22 16:00:52,586 [INFO] Scheduler started
2026-07-22 17:01:53,892 [WARNING] Run time of job "cron_recuperar_carritos (trigger: interval[1:00:00], next run at: 2026-07-22 17:00:52 CST)" was missed by 0:01:01.309489
2026-07-22 18:00:52,591 [INFO] Running job "cron_recuperar_carritos (trigger: interval[1:00:00], next run at: 2026-07-22 19:00:52 CST)" (scheduled at 2026-07-22 18:00:52.582838-06:00)
2026-07-22 18:00:52,636 [INFO] Job "cron_recuperar_carritos (trigger: interval[1:00:00], next run at: 2026-07-22 19:00:52 CST)" executed successfully
2026-07-22 19:00:52,590 [INFO] Running job "cron_recuperar_carritos (trigger: interval[1:00:00], next run at: 2026-07-22 20:00:52 CST)" (scheduled at 2026-07-22 19:00:52.582838-06:00)
2026-07-22 19:00:52,599 [INFO] Job "cron_recuperar_carritos (trigger: interval[1:00:00], next run at: 2026-07-22 20:00:52 CST)" executed successfully
2026-07-22 20:00:52,586 [INFO] Running job "cron_recuperar_carritos (trigger: interval[1:00:00], next run at: 2026-07-22 21:00:52 CST)" (scheduled at 2026-07-22 20:00:52.582838-06:00)
2026-07-22 20:00:52,601 [INFO] Job "cron_recuperar_carritos (trigger: interval[1:00:00], next run at: 2026-07-22 21:00:52 CST)" executed successfully
2026-07-22 21:00:52,597 [INFO] Running job "cron_recuperar_carritos (trigger: interval[1:00:00], next run at: 2026-07-22 22:00:52 CST)" (scheduled at 2026-07-22 21:00:52.582838-06:00)
2026-07-22 21:00:52,613 [INFO] Job "cron_recuperar_carritos (trigger: interval[1:00:00], next run at: 2026-07-22 22:00:52 CST)" executed successfully
2026-07-22 22:00:52,595 [INFO] Running job "cron_recuperar_carritos (trigger: interval[1:00:00], next run at: 2026-07-22 23:00:52 CST)" (scheduled at 2026-07-22 22:00:52.582838-06:00)
2026-07-22 22:00:52,612 [INFO] Job "cron_recuperar_carritos (trigger: interval[1:00:00], next run at: 2026-07-22 23:00:52 CST)" executed successfully
2026-07-22 22:17:04,582 [INFO] Adding job tentatively -- it will be properly scheduled when the scheduler starts
2026-07-22 22:17:04,591 [INFO] Adding job tentatively -- it will be properly scheduled when the scheduler starts
2026-07-22 22:17:04,591 [INFO] Adding job tentatively -- it will be properly scheduled when the scheduler starts
2026-07-22 22:17:04,591 [INFO] Added job "cron_recuperar_carritos" to job store "default"
2026-07-22 22:17:04,591 [INFO] Added job "cron_reporte_mensual" to job store "default"
2026-07-22 22:17:04,591 [INFO] Added job "cron_respaldo_semanal" to job store "default"
2026-07-22 22:17:04,591 [INFO] Scheduler started
2026-07-22 22:36:14,726 [INFO] Adding job tentatively -- it will be properly scheduled when the scheduler starts
2026-07-22 22:36:14,736 [INFO] Adding job tentatively -- it will be properly scheduled when the scheduler starts
2026-07-22 22:36:14,736 [INFO] Adding job tentatively -- it will be properly scheduled when the scheduler starts
2026-07-22 22:36:14,737 [INFO] Added job "cron_recuperar_carritos" to job store "default"
2026-07-22 22:36:14,737 [INFO] Added job "cron_reporte_mensual" to job store "default"
2026-07-22 22:36:14,737 [INFO] Added job "cron_respaldo_semanal" to job store "default"
2026-07-22 22:36:14,737 [INFO] Scheduler started
2026-07-22 22:36:24,577 [INFO] Adding job tentatively -- it will be properly scheduled when the scheduler starts
2026-07-22 22:36:24,579 [INFO] Adding job tentatively -- it will be properly scheduled when the scheduler starts
2026-07-22 22:36:24,579 [INFO] Adding job tentatively -- it will be properly scheduled when the scheduler starts
2026-07-22 22:36:24,579 [INFO] Added job "cron_recuperar_carritos" to job store "default"
2026-07-22 22:36:24,579 [INFO] Added job "cron_reporte_mensual" to job store "default"
2026-07-22 22:36:24,580 [INFO] Added job "cron_respaldo_semanal" to job store "default"
2026-07-22 22:36:24,580 [INFO] Scheduler started
2026-07-22 23:36:24,586 [INFO] Running job "cron_recuperar_carritos (trigger: interval[1:00:00], next run at: 2026-07-22 23:36:24 CST)" (scheduled at 2026-07-22 23:36:24.576949-06:00)
2026-07-22 23:36:24,627 [INFO] Job "cron_recuperar_carritos (trigger: interval[1:00:00], next run at: 2026-07-23 00:36:24 CST)" executed successfully
2026-07-22 23:59:15,636 [INFO] Adding job tentatively -- it will be properly scheduled when the scheduler starts
2026-07-22 23:59:15,647 [INFO] Adding job tentatively -- it will be properly scheduled when the scheduler starts
2026-07-22 23:59:15,647 [INFO] Adding job tentatively -- it will be properly scheduled when the scheduler starts
2026-07-22 23:59:15,648 [INFO] Added job "cron_recuperar_carritos" to job store "default"
2026-07-22 23:59:15,648 [INFO] Added job "cron_reporte_mensual" to job store "default"
2026-07-22 23:59:15,648 [INFO] Added job "cron_respaldo_semanal" to job store "default"
2026-07-22 23:59:15,648 [INFO] Scheduler started
2026-07-22 23:59:30,898 [INFO] Adding job tentatively -- it will be properly scheduled when the scheduler starts
2026-07-22 23:59:30,900 [INFO] Adding job tentatively -- it will be properly scheduled when the scheduler starts
2026-07-22 23:59:30,900 [INFO] Adding job tentatively -- it will be properly scheduled when the scheduler starts
2026-07-22 23:59:30,900 [INFO] Added job "cron_recuperar_carritos" to job store "default"
2026-07-22 23:59:30,901 [INFO] Added job "cron_reporte_mensual" to job store "default"
2026-07-22 23:59:30,901 [INFO] Added job "cron_respaldo_semanal" to job store "default"
2026-07-22 23:59:30,901 [INFO] Scheduler started
2026-07-23 00:17:19,470 [INFO] Adding job tentatively -- it will be properly scheduled when the scheduler starts
2026-07-23 00:17:19,482 [INFO] Adding job tentatively -- it will be properly scheduled when the scheduler starts
2026-07-23 00:17:19,482 [INFO] Adding job tentatively -- it will be properly scheduled when the scheduler starts
2026-07-23 00:17:19,483 [INFO] Added job "cron_recuperar_carritos" to job store "default"
2026-07-23 00:17:19,483 [INFO] Added job "cron_reporte_mensual" to job store "default"
2026-07-23 00:17:19,483 [INFO] Added job "cron_respaldo_semanal" to job store "default"
2026-07-23 00:17:19,483 [INFO] Scheduler started
2026-07-23 00:27:20,692 [INFO] Adding job tentatively -- it will be properly scheduled when the scheduler starts
2026-07-23 00:27:20,698 [INFO] Adding job tentatively -- it will be properly scheduled when the scheduler starts
2026-07-23 00:27:20,698 [INFO] Adding job tentatively -- it will be properly scheduled when the scheduler starts
2026-07-23 00:27:20,699 [INFO] Added job "cron_recuperar_carritos" to job store "default"
2026-07-23 00:27:20,699 [INFO] Added job "cron_reporte_mensual" to job store "default"
2026-07-23 00:27:20,699 [INFO] Added job "cron_respaldo_semanal" to job store "default"
2026-07-23 00:27:20,699 [INFO] Scheduler started
2026-07-23 00:31:56,614 [INFO] Adding job tentatively -- it will be properly scheduled when the scheduler starts
2026-07-23 00:31:56,623 [INFO] Adding job tentatively -- it will be properly scheduled when the scheduler starts
2026-07-23 00:31:56,623 [INFO] Adding job tentatively -- it will be properly scheduled when the scheduler starts
2026-07-23 00:31:56,623 [INFO] Added job "cron_recuperar_carritos" to job store "default"
2026-07-23 00:31:56,623 [INFO] Added job "cron_reporte_mensual" to job store "default"
2026-07-23 00:31:56,624 [INFO] Added job "cron_respaldo_semanal" to job store "default"
2026-07-23 00:31:56,624 [INFO] Scheduler started
2026-07-23 00:35:37,892 [INFO] Adding job tentatively -- it will be properly scheduled when the scheduler starts
2026-07-23 00:35:37,903 [INFO] Adding job tentatively -- it will be properly scheduled when the scheduler starts
2026-07-23 00:35:37,903 [INFO] Adding job tentatively -- it will be properly scheduled when the scheduler starts
2026-07-23 00:35:37,903 [INFO] Added job "cron_recuperar_carritos" to job store "default"
2026-07-23 00:35:37,903 [INFO] Added job "cron_reporte_mensual" to job store "default"
2026-07-23 00:35:37,903 [INFO] Added job "cron_respaldo_semanal" to job store "default"
2026-07-23 00:35:37,903 [INFO] Scheduler started
2026-07-23 01:43:52,410 [WARNING] Run time of job "cron_recuperar_carritos (trigger: interval[1:00:00], next run at: 2026-07-23 01:35:37 CST)" was missed by 0:08:14.518522
2026-07-23 02:35:37,892 [INFO] Running job "cron_recuperar_carritos (trigger: interval[1:00:00], next run at: 2026-07-23 03:35:37 CST)" (scheduled at 2026-07-23 02:35:37.891969-06:00)
2026-07-23 02:35:37,975 [INFO] Job "cron_recuperar_carritos (trigger: interval[1:00:00], next run at: 2026-07-23 03:35:37 CST)" executed successfully
2026-07-23 03:35:37,895 [INFO] Running job "cron_recuperar_carritos (trigger: interval[1:00:00], next run at: 2026-07-23 04:35:37 CST)" (scheduled at 2026-07-23 03:35:37.891969-06:00)
2026-07-23 03:35:37,909 [INFO] Job "cron_recuperar_carritos (trigger: interval[1:00:00], next run at: 2026-07-23 04:35:37 CST)" executed successfully
2026-07-23 04:35:37,893 [INFO] Running job "cron_recuperar_carritos (trigger: interval[1:00:00], next run at: 2026-07-23 05:35:37 CST)" (scheduled at 2026-07-23 04:35:37.891969-06:00)
2026-07-23 04:35:37,899 [INFO] Job "cron_recuperar_carritos (trigger: interval[1:00:00], next run at: 2026-07-23 05:35:37 CST)" executed successfully
2026-07-23 05:35:37,892 [INFO] Running job "cron_recuperar_carritos (trigger: interval[1:00:00], next run at: 2026-07-23 06:35:37 CST)" (scheduled at 2026-07-23 05:35:37.891969-06:00)
2026-07-23 05:35:37,898 [INFO] Job "cron_recuperar_carritos (trigger: interval[1:00:00], next run at: 2026-07-23 06:35:37 CST)" executed successfully
2026-07-23 06:35:37,895 [INFO] Running job "cron_recuperar_carritos (trigger: interval[1:00:00], next run at: 2026-07-23 07:35:37 CST)" (scheduled at 2026-07-23 06:35:37.891969-06:00)
2026-07-23 06:35:37,906 [INFO] Job "cron_recuperar_carritos (trigger: interval[1:00:00], next run at: 2026-07-23 07:35:37 CST)" executed successfully
2026-07-23 07:35:37,894 [INFO] Running job "cron_recuperar_carritos (trigger: interval[1:00:00], next run at: 2026-07-23 08:35:37 CST)" (scheduled at 2026-07-23 07:35:37.891969-06:00)
2026-07-23 07:35:37,899 [INFO] Job "cron_recuperar_carritos (trigger: interval[1:00:00], next run at: 2026-07-23 08:35:37 CST)" executed successfully
2026-07-23 08:00:00,000 [INFO] Running job "cron_reporte_mensual (trigger: cron[hour='8', minute='0'], next run at: 2026-07-24 08:00:00 CST)" (scheduled at 2026-07-23 08:00:00-06:00)
2026-07-23 08:00:00,003 [INFO] Job "cron_reporte_mensual (trigger: cron[hour='8', minute='0'], next run at: 2026-07-24 08:00:00 CST)" executed successfully
2026-07-23 08:35:37,892 [INFO] Running job "cron_recuperar_carritos (trigger: interval[1:00:00], next run at: 2026-07-23 09:35:37 CST)" (scheduled at 2026-07-23 08:35:37.891969-06:00)
2026-07-23 08:35:37,898 [INFO] Job "cron_recuperar_carritos (trigger: interval[1:00:00], next run at: 2026-07-23 09:35:37 CST)" executed successfully
2026-07-23 09:35:37,896 [INFO] Running job "cron_recuperar_carritos (trigger: interval[1:00:00], next run at: 2026-07-23 10:35:37 CST)" (scheduled at 2026-07-23 09:35:37.891969-06:00)
2026-07-23 09:35:37,909 [INFO] Job "cron_recuperar_carritos (trigger: interval[1:00:00], next run at: 2026-07-23 10:35:37 CST)" executed successfully
2026-07-23 10:35:37,895 [INFO] Running job "cron_recuperar_carritos (trigger: interval[1:00:00], next run at: 2026-07-23 11:35:37 CST)" (scheduled at 2026-07-23 10:35:37.891969-06:00)
2026-07-23 10:35:37,908 [INFO] Job "cron_recuperar_carritos (trigger: interval[1:00:00], next run at: 2026-07-23 11:35:37 CST)" executed successfully
2026-07-23 11:35:37,895 [INFO] Running job "cron_recuperar_carritos (trigger: interval[1:00:00], next run at: 2026-07-23 12:35:37 CST)" (scheduled at 2026-07-23 11:35:37.891969-06:00)
2026-07-23 11:35:37,909 [INFO] Job "cron_recuperar_carritos (trigger: interval[1:00:00], next run at: 2026-07-23 12:35:37 CST)" executed successfully
2026-07-23 12:55:31,411 [WARNING] Run time of job "cron_recuperar_carritos (trigger: interval[1:00:00], next run at: 2026-07-23 13:35:37 CST)" was missed by 0:19:53.519467
2026-07-23 13:35:37,892 [INFO] Running job "cron_recuperar_carritos (trigger: interval[1:00:00], next run at: 2026-07-23 14:35:37 CST)" (scheduled at 2026-07-23 13:35:37.891969-06:00)
2026-07-23 13:35:37,903 [INFO] Job "cron_recuperar_carritos (trigger: interval[1:00:00], next run at: 2026-07-23 14:35:37 CST)" executed successfully
2026-07-23 14:35:37,893 [INFO] Running job "cron_recuperar_carritos (trigger: interval[1:00:00], next run at: 2026-07-23 15:35:37 CST)" (scheduled at 2026-07-23 14:35:37.891969-06:00)
2026-07-23 14:35:37,898 [INFO] Job "cron_recuperar_carritos (trigger: interval[1:00:00], next run at: 2026-07-23 15:35:37 CST)" executed successfully
2026-07-23 15:35:37,893 [INFO] Running job "cron_recuperar_carritos (trigger: interval[1:00:00], next run at: 2026-07-23 16:35:37 CST)" (scheduled at 2026-07-23 15:35:37.891969-06:00)
2026-07-23 15:35:37,898 [INFO] Job "cron_recuperar_carritos (trigger: interval[1:00:00], next run at: 2026-07-23 16:35:37 CST)" executed successfully
2026-07-23 16:35:37,893 [INFO] Running job "cron_recuperar_carritos (trigger: interval[1:00:00], next run at: 2026-07-23 17:35:37 CST)" (scheduled at 2026-07-23 16:35:37.891969-06:00)
2026-07-23 16:35:37,899 [INFO] Job "cron_recuperar_carritos (trigger: interval[1:00:00], next run at: 2026-07-23 17:35:37 CST)" executed successfully
2026-07-23 17:35:37,893 [INFO] Running job "cron_recuperar_carritos (trigger: interval[1:00:00], next run at: 2026-07-23 18:35:37 CST)" (scheduled at 2026-07-23 17:35:37.891969-06:00)
2026-07-23 17:35:37,899 [INFO] Job "cron_recuperar_carritos (trigger: interval[1:00:00], next run at: 2026-07-23 18:35:37 CST)" executed successfully
2026-07-23 18:45:06,610 [INFO] Adding job tentatively -- it will be properly scheduled when the scheduler starts
2026-07-23 18:45:08,970 [INFO] Adding job tentatively -- it will be properly scheduled when the scheduler starts
2026-07-23 18:45:08,970 [INFO] Adding job tentatively -- it will be properly scheduled when the scheduler starts
2026-07-23 18:45:08,971 [INFO] Added job "cron_recuperar_carritos" to job store "default"
2026-07-23 18:45:08,971 [INFO] Added job "cron_reporte_mensual" to job store "default"
2026-07-23 18:45:08,971 [INFO] Added job "cron_respaldo_semanal" to job store "default"
2026-07-23 18:45:08,971 [INFO] Scheduler started
2026-07-23 19:45:06,620 [INFO] Running job "cron_recuperar_carritos (trigger: interval[1:00:00], next run at: 2026-07-23 19:45:06 CST)" (scheduled at 2026-07-23 19:45:06.609751-06:00)
2026-07-23 19:45:06,759 [INFO] Job "cron_recuperar_carritos (trigger: interval[1:00:00], next run at: 2026-07-23 20:45:06 CST)" executed successfully
2026-07-23 20:45:06,618 [INFO] Running job "cron_recuperar_carritos (trigger: interval[1:00:00], next run at: 2026-07-23 21:45:06 CST)" (scheduled at 2026-07-23 20:45:06.609751-06:00)
2026-07-23 20:45:06,628 [INFO] Job "cron_recuperar_carritos (trigger: interval[1:00:00], next run at: 2026-07-23 21:45:06 CST)" executed successfully
2026-07-23 21:45:06,622 [INFO] Running job "cron_recuperar_carritos (trigger: interval[1:00:00], next run at: 2026-07-23 22:45:06 CST)" (scheduled at 2026-07-23 21:45:06.609751-06:00)
2026-07-23 21:45:06,640 [INFO] Job "cron_recuperar_carritos (trigger: interval[1:00:00], next run at: 2026-07-23 22:45:06 CST)" executed successfully
2026-07-24 16:04:48,858 [INFO] Adding job tentatively -- it will be properly scheduled when the scheduler starts
2026-07-24 16:04:52,353 [INFO] Adding job tentatively -- it will be properly scheduled when the scheduler starts
2026-07-24 16:04:52,353 [INFO] Adding job tentatively -- it will be properly scheduled when the scheduler starts
2026-07-24 16:04:52,355 [INFO] Added job "cron_recuperar_carritos" to job store "default"
2026-07-24 16:04:52,356 [INFO] Added job "cron_reporte_mensual" to job store "default"
2026-07-24 16:04:52,356 [INFO] Added job "cron_respaldo_semanal" to job store "default"
2026-07-24 16:04:52,357 [INFO] Scheduler started
2026-07-24 16:04:54,651 [INFO] Adding job tentatively -- it will be properly scheduled when the scheduler starts
2026-07-24 16:04:54,658 [INFO] Adding job tentatively -- it will be properly scheduled when the scheduler starts
2026-07-24 16:04:54,658 [INFO] Adding job tentatively -- it will be properly scheduled when the scheduler starts
2026-07-24 16:04:54,658 [INFO] Added job "cron_recuperar_carritos" to job store "default"
2026-07-24 16:04:54,658 [INFO] Added job "cron_reporte_mensual" to job store "default"
2026-07-24 16:04:54,658 [INFO] Added job "cron_respaldo_semanal" to job store "default"
2026-07-24 16:04:54,658 [INFO] Scheduler started
2026-07-24 16:28:49,029 [INFO] Adding job tentatively -- it will be properly scheduled when the scheduler starts
2026-07-24 16:28:49,040 [INFO] Adding job tentatively -- it will be properly scheduled when the scheduler starts
2026-07-24 16:28:49,040 [INFO] Adding job tentatively -- it will be properly scheduled when the scheduler starts
2026-07-24 16:28:49,041 [INFO] Added job "cron_recuperar_carritos" to job store "default"
2026-07-24 16:28:49,041 [INFO] Added job "cron_reporte_mensual" to job store "default"
2026-07-24 16:28:49,041 [INFO] Added job "cron_respaldo_semanal" to job store "default"
2026-07-24 16:28:49,041 [INFO] Scheduler started
2026-07-24 16:31:20,882 [INFO] Adding job tentatively -- it will be properly scheduled when the scheduler starts
2026-07-24 16:31:20,885 [INFO] Adding job tentatively -- it will be properly scheduled when the scheduler starts
2026-07-24 16:31:20,885 [INFO] Adding job tentatively -- it will be properly scheduled when the scheduler starts
2026-07-24 16:31:20,886 [INFO] Added job "cron_recuperar_carritos" to job store "default"
2026-07-24 16:31:20,886 [INFO] Added job "cron_reporte_mensual" to job store "default"
2026-07-24 16:31:20,886 [INFO] Added job "cron_respaldo_semanal" to job store "default"
2026-07-24 16:31:20,886 [INFO] Scheduler started
2026-07-24 16:31:40,712 [INFO] Adding job tentatively -- it will be properly scheduled when the scheduler starts
2026-07-24 16:31:40,714 [INFO] Adding job tentatively -- it will be properly scheduled when the scheduler starts
2026-07-24 16:31:40,714 [INFO] Adding job tentatively -- it will be properly scheduled when the scheduler starts
2026-07-24 16:31:40,715 [INFO] Added job "cron_recuperar_carritos" to job store "default"
2026-07-24 16:31:40,715 [INFO] Added job "cron_reporte_mensual" to job store "default"
2026-07-24 16:31:40,715 [INFO] Added job "cron_respaldo_semanal" to job store "default"
2026-07-24 16:31:40,715 [INFO] Scheduler started
2026-07-24 16:32:50,190 [INFO] Adding job tentatively -- it will be properly scheduled when the scheduler starts
2026-07-24 16:32:50,193 [INFO] Adding job tentatively -- it will be properly scheduled when the scheduler starts
2026-07-24 16:32:50,193 [INFO] Adding job tentatively -- it will be properly scheduled when the scheduler starts
2026-07-24 16:32:50,193 [INFO] Added job "cron_recuperar_carritos" to job store "default"
2026-07-24 16:32:50,193 [INFO] Added job "cron_reporte_mensual" to job store "default"
2026-07-24 16:32:50,193 [INFO] Added job "cron_respaldo_semanal" to job store "default"
2026-07-24 16:32:50,193 [INFO] Scheduler started
2026-07-24 16:40:55,706 [INFO] Adding job tentatively -- it will be properly scheduled when the scheduler starts
2026-07-24 16:40:55,717 [INFO] Adding job tentatively -- it will be properly scheduled when the scheduler starts
2026-07-24 16:40:55,717 [INFO] Adding job tentatively -- it will be properly scheduled when the scheduler starts
2026-07-24 16:40:55,718 [INFO] Added job "cron_recuperar_carritos" to job store "default"
2026-07-24 16:40:55,718 [INFO] Added job "cron_reporte_mensual" to job store "default"
2026-07-24 16:40:55,718 [INFO] Added job "cron_respaldo_semanal" to job store "default"
2026-07-24 16:40:55,718 [INFO] Scheduler started
2026-07-24 16:51:19,457 [INFO] Adding job tentatively -- it will be properly scheduled when the scheduler starts
2026-07-24 16:51:19,466 [INFO] Adding job tentatively -- it will be properly scheduled when the scheduler starts
2026-07-24 16:51:19,466 [INFO] Adding job tentatively -- it will be properly scheduled when the scheduler starts
2026-07-24 16:51:19,467 [INFO] Added job "cron_recuperar_carritos" to job store "default"
2026-07-24 16:51:19,467 [INFO] Added job "cron_reporte_mensual" to job store "default"
2026-07-24 16:51:19,467 [INFO] Added job "cron_respaldo_semanal" to job store "default"
2026-07-24 16:51:19,467 [INFO] Scheduler started
2026-07-24 16:58:44,327 [INFO] Adding job tentatively -- it will be properly scheduled when the scheduler starts
2026-07-24 16:58:44,347 [INFO] Adding job tentatively -- it will be properly scheduled when the scheduler starts
2026-07-24 16:58:44,347 [INFO] Adding job tentatively -- it will be properly scheduled when the scheduler starts
2026-07-24 16:58:44,348 [INFO] Added job "cron_recuperar_carritos" to job store "default"
2026-07-24 16:58:44,348 [INFO] Added job "cron_reporte_mensual" to job store "default"
2026-07-24 16:58:44,348 [INFO] Added job "cron_respaldo_semanal" to job store "default"
2026-07-24 16:58:44,348 [INFO] Scheduler started
2026-07-24 17:03:44,922 [INFO] Adding job tentatively -- it will be properly scheduled when the scheduler starts
2026-07-24 17:03:44,933 [INFO] Adding job tentatively -- it will be properly scheduled when the scheduler starts
2026-07-24 17:03:44,933 [INFO] Adding job tentatively -- it will be properly scheduled when the scheduler starts
2026-07-24 17:03:44,933 [INFO] Added job "cron_recuperar_carritos" to job store "default"
2026-07-24 17:03:44,934 [INFO] Added job "cron_reporte_mensual" to job store "default"
2026-07-24 17:03:44,934 [INFO] Added job "cron_respaldo_semanal" to job store "default"
2026-07-24 17:03:44,934 [INFO] Scheduler started
2026-07-24 17:03:56,779 [INFO] Adding job tentatively -- it will be properly scheduled when the scheduler starts
2026-07-24 17:03:56,782 [INFO] Adding job tentatively -- it will be properly scheduled when the scheduler starts
2026-07-24 17:03:56,782 [INFO] Adding job tentatively -- it will be properly scheduled when the scheduler starts
2026-07-24 17:03:56,783 [INFO] Added job "cron_recuperar_carritos" to job store "default"
2026-07-24 17:03:56,783 [INFO] Added job "cron_reporte_mensual" to job store "default"
2026-07-24 17:03:56,783 [INFO] Added job "cron_respaldo_semanal" to job store "default"
2026-07-24 17:03:56,783 [INFO] Scheduler started
2026-07-24 17:10:51,821 [INFO] Adding job tentatively -- it will be properly scheduled when the scheduler starts
2026-07-24 17:10:51,831 [INFO] Adding job tentatively -- it will be properly scheduled when the scheduler starts
2026-07-24 17:10:51,831 [INFO] Adding job tentatively -- it will be properly scheduled when the scheduler starts
2026-07-24 17:10:51,832 [INFO] Added job "cron_recuperar_carritos" to job store "default"
2026-07-24 17:10:51,832 [INFO] Added job "cron_reporte_mensual" to job store "default"
2026-07-24 17:10:51,832 [INFO] Added job "cron_respaldo_semanal" to job store "default"
2026-07-24 17:10:51,832 [INFO] Scheduler started
2026-07-24 17:11:43,371 [INFO] Adding job tentatively -- it will be properly scheduled when the scheduler starts
2026-07-24 17:11:43,373 [INFO] Adding job tentatively -- it will be properly scheduled when the scheduler starts
2026-07-24 17:11:43,373 [INFO] Adding job tentatively -- it will be properly scheduled when the scheduler starts
2026-07-24 17:11:43,374 [INFO] Added job "cron_recuperar_carritos" to job store "default"
2026-07-24 17:11:43,374 [INFO] Added job "cron_reporte_mensual" to job store "default"
2026-07-24 17:11:43,374 [INFO] Added job "cron_respaldo_semanal" to job store "default"
2026-07-24 17:11:43,374 [INFO] Scheduler started
2026-07-24 18:11:43,376 [INFO] Running job "cron_recuperar_carritos (trigger: interval[1:00:00], next run at: 2026-07-24 18:11:43 CST)" (scheduled at 2026-07-24 18:11:43.371781-06:00)
2026-07-24 18:11:43,450 [INFO] Job "cron_recuperar_carritos (trigger: interval[1:00:00], next run at: 2026-07-24 19:11:43 CST)" executed successfully
2026-07-24 22:51:21,466 [INFO] Adding job tentatively -- it will be properly scheduled when the scheduler starts
2026-07-24 22:51:21,476 [INFO] Adding job tentatively -- it will be properly scheduled when the scheduler starts
2026-07-24 22:51:21,477 [INFO] Adding job tentatively -- it will be properly scheduled when the scheduler starts
2026-07-24 22:51:21,478 [INFO] Added job "cron_recuperar_carritos" to job store "default"
2026-07-24 22:51:21,478 [INFO] Added job "cron_reporte_mensual" to job store "default"
2026-07-24 22:51:21,478 [INFO] Added job "cron_respaldo_semanal" to job store "default"
2026-07-24 22:51:21,478 [INFO] Scheduler started
2026-07-24 23:51:21,471 [INFO] Running job "cron_recuperar_carritos (trigger: interval[1:00:00], next run at: 2026-07-24 23:51:21 CST)" (scheduled at 2026-07-24 23:51:21.466020-06:00)
2026-07-24 23:51:21,532 [INFO] Job "cron_recuperar_carritos (trigger: interval[1:00:00], next run at: 2026-07-25 00:51:21 CST)" executed successfully
2026-07-24 23:57:32,876 [INFO] Adding job tentatively -- it will be properly scheduled when the scheduler starts
2026-07-24 23:57:32,885 [INFO] Adding job tentatively -- it will be properly scheduled when the scheduler starts
2026-07-24 23:57:32,886 [INFO] Adding job tentatively -- it will be properly scheduled when the scheduler starts
2026-07-24 23:57:32,886 [INFO] Added job "cron_recuperar_carritos" to job store "default"
2026-07-24 23:57:32,886 [INFO] Added job "cron_reporte_mensual" to job store "default"
2026-07-24 23:57:32,886 [INFO] Added job "cron_respaldo_semanal" to job store "default"
2026-07-24 23:57:32,886 [INFO] Scheduler started
2026-07-24 23:57:48,406 [INFO] Adding job tentatively -- it will be properly scheduled when the scheduler starts
2026-07-24 23:57:48,408 [INFO] Adding job tentatively -- it will be properly scheduled when the scheduler starts
2026-07-24 23:57:48,408 [INFO] Adding job tentatively -- it will be properly scheduled when the scheduler starts
2026-07-24 23:57:48,408 [INFO] Added job "cron_recuperar_carritos" to job store "default"
2026-07-24 23:57:48,408 [INFO] Added job "cron_reporte_mensual" to job store "default"
2026-07-24 23:57:48,408 [INFO] Added job "cron_respaldo_semanal" to job store "default"
2026-07-24 23:57:48,408 [INFO] Scheduler started
2026-07-24 23:57:59,886 [INFO] Adding job tentatively -- it will be properly scheduled when the scheduler starts
2026-07-24 23:57:59,888 [INFO] Adding job tentatively -- it will be properly scheduled when the scheduler starts
2026-07-24 23:57:59,889 [INFO] Adding job tentatively -- it will be properly scheduled when the scheduler starts
2026-07-24 23:57:59,889 [INFO] Added job "cron_recuperar_carritos" to job store "default"
2026-07-24 23:57:59,889 [INFO] Added job "cron_reporte_mensual" to job store "default"
2026-07-24 23:57:59,889 [INFO] Added job "cron_respaldo_semanal" to job store "default"
2026-07-24 23:57:59,889 [INFO] Scheduler started
2026-07-24 23:58:14,206 [INFO] Adding job tentatively -- it will be properly scheduled when the scheduler starts
2026-07-24 23:58:14,209 [INFO] Adding job tentatively -- it will be properly scheduled when the scheduler starts
2026-07-24 23:58:14,209 [INFO] Adding job tentatively -- it will be properly scheduled when the scheduler starts
2026-07-24 23:58:14,209 [INFO] Added job "cron_recuperar_carritos" to job store "default"
2026-07-24 23:58:14,209 [INFO] Added job "cron_reporte_mensual" to job store "default"
2026-07-24 23:58:14,209 [INFO] Added job "cron_respaldo_semanal" to job store "default"
2026-07-24 23:58:14,209 [INFO] Scheduler started
2026-07-24 23:58:24,644 [INFO] Adding job tentatively -- it will be properly scheduled when the scheduler starts
2026-07-24 23:58:24,646 [INFO] Adding job tentatively -- it will be properly scheduled when the scheduler starts
2026-07-24 23:58:24,646 [INFO] Adding job tentatively -- it will be properly scheduled when the scheduler starts
2026-07-24 23:58:24,647 [INFO] Added job "cron_recuperar_carritos" to job store "default"
2026-07-24 23:58:24,647 [INFO] Added job "cron_reporte_mensual" to job store "default"
2026-07-24 23:58:24,647 [INFO] Added job "cron_respaldo_semanal" to job store "default"
2026-07-24 23:58:24,647 [INFO] Scheduler started
2026-07-25 00:00:05,596 [INFO] Adding job tentatively -- it will be properly scheduled when the scheduler starts
2026-07-25 00:00:05,598 [INFO] Adding job tentatively -- it will be properly scheduled when the scheduler starts
2026-07-25 00:00:05,598 [INFO] Adding job tentatively -- it will be properly scheduled when the scheduler starts
2026-07-25 00:00:05,598 [INFO] Added job "cron_recuperar_carritos" to job store "default"
2026-07-25 00:00:05,598 [INFO] Added job "cron_reporte_mensual" to job store "default"
2026-07-25 00:00:05,598 [INFO] Added job "cron_respaldo_semanal" to job store "default"
2026-07-25 00:00:05,598 [INFO] Scheduler started
2026-07-25 00:01:05,317 [INFO] Adding job tentatively -- it will be properly scheduled when the scheduler starts
2026-07-25 00:01:05,319 [INFO] Adding job tentatively -- it will be properly scheduled when the scheduler starts
2026-07-25 00:01:05,319 [INFO] Adding job tentatively -- it will be properly scheduled when the scheduler starts
2026-07-25 00:01:05,320 [INFO] Added job "cron_recuperar_carritos" to job store "default"
2026-07-25 00:01:05,320 [INFO] Added job "cron_reporte_mensual" to job store "default"
2026-07-25 00:01:05,320 [INFO] Added job "cron_respaldo_semanal" to job store "default"
2026-07-25 00:01:05,320 [INFO] Scheduler started
2026-07-25 00:02:03,260 [INFO] Adding job tentatively -- it will be properly scheduled when the scheduler starts
2026-07-25 00:02:03,262 [INFO] Adding job tentatively -- it will be properly scheduled when the scheduler starts
2026-07-25 00:02:03,262 [INFO] Adding job tentatively -- it will be properly scheduled when the scheduler starts
2026-07-25 00:02:03,262 [INFO] Added job "cron_recuperar_carritos" to job store "default"
2026-07-25 00:02:03,262 [INFO] Added job "cron_reporte_mensual" to job store "default"
2026-07-25 00:02:03,262 [INFO] Added job "cron_respaldo_semanal" to job store "default"
2026-07-25 00:02:03,262 [INFO] Scheduler started
2026-07-25 00:31:51,619 [INFO] Adding job tentatively -- it will be properly scheduled when the scheduler starts
2026-07-25 00:31:51,622 [INFO] Adding job tentatively -- it will be properly scheduled when the scheduler starts
2026-07-25 00:31:51,622 [INFO] Adding job tentatively -- it will be properly scheduled when the scheduler starts
2026-07-25 00:31:51,623 [INFO] Added job "cron_recuperar_carritos" to job store "default"
2026-07-25 00:31:51,623 [INFO] Added job "cron_reporte_mensual" to job store "default"
2026-07-25 00:31:51,623 [INFO] Added job "cron_respaldo_semanal" to job store "default"
2026-07-25 00:31:51,623 [INFO] Scheduler started
2026-07-25 21:48:00,612 [INFO] Adding job tentatively -- it will be properly scheduled when the scheduler starts
2026-07-25 21:48:00,615 [INFO] Adding job tentatively -- it will be properly scheduled when the scheduler starts
2026-07-25 21:48:00,616 [INFO] Adding job tentatively -- it will be properly scheduled when the scheduler starts
2026-07-25 21:48:00,616 [INFO] Added job "cron_recuperar_carritos" to job store "default"
2026-07-25 21:48:00,616 [INFO] Added job "cron_reporte_mensual" to job store "default"
2026-07-25 21:48:00,616 [INFO] Added job "cron_respaldo_semanal" to job store "default"
2026-07-25 21:48:00,616 [INFO] Scheduler started
2026-07-25 21:48:03,920 [INFO] Adding job tentatively -- it will be properly scheduled when the scheduler starts
2026-07-25 21:48:03,928 [INFO] Adding job tentatively -- it will be properly scheduled when the scheduler starts
2026-07-25 21:48:03,928 [INFO] Adding job tentatively -- it will be properly scheduled when the scheduler starts
2026-07-25 21:48:03,929 [INFO] Added job "cron_recuperar_carritos" to job store "default"
2026-07-25 21:48:03,929 [INFO] Added job "cron_reporte_mensual" to job store "default"
2026-07-25 21:48:03,929 [INFO] Added job "cron_respaldo_semanal" to job store "default"
2026-07-25 21:48:03,929 [INFO] Scheduler started
2026-07-25 21:52:19,135 [INFO] Adding job tentatively -- it will be properly scheduled when the scheduler starts
2026-07-25 21:52:19,138 [INFO] Adding job tentatively -- it will be properly scheduled when the scheduler starts
2026-07-25 21:52:19,138 [INFO] Adding job tentatively -- it will be properly scheduled when the scheduler starts
2026-07-25 21:52:19,138 [INFO] Added job "cron_recuperar_carritos" to job store "default"
2026-07-25 21:52:19,138 [INFO] Added job "cron_reporte_mensual" to job store "default"
2026-07-25 21:52:19,138 [INFO] Added job "cron_respaldo_semanal" to job store "default"
2026-07-25 21:52:19,138 [INFO] Scheduler started
2026-07-25 21:58:21,052 [INFO] Adding job tentatively -- it will be properly scheduled when the scheduler starts
2026-07-25 21:58:21,054 [INFO] Adding job tentatively -- it will be properly scheduled when the scheduler starts
2026-07-25 21:58:21,054 [INFO] Adding job tentatively -- it will be properly scheduled when the scheduler starts
2026-07-25 21:58:21,055 [INFO] Added job "cron_recuperar_carritos" to job store "default"
2026-07-25 21:58:21,055 [INFO] Added job "cron_reporte_mensual" to job store "default"
2026-07-25 21:58:21,055 [INFO] Added job "cron_respaldo_semanal" to job store "default"
2026-07-25 21:58:21,055 [INFO] Scheduler started
2026-07-25 22:02:38,236 [INFO] Adding job tentatively -- it will be properly scheduled when the scheduler starts
2026-07-25 22:02:38,239 [INFO] Adding job tentatively -- it will be properly scheduled when the scheduler starts
2026-07-25 22:02:38,239 [INFO] Adding job tentatively -- it will be properly scheduled when the scheduler starts
2026-07-25 22:02:38,239 [INFO] Added job "cron_recuperar_carritos" to job store "default"
2026-07-25 22:02:38,240 [INFO] Added job "cron_reporte_mensual" to job store "default"
2026-07-25 22:02:38,240 [INFO] Added job "cron_respaldo_semanal" to job store "default"
2026-07-25 22:02:38,240 [INFO] Scheduler started
2026-07-25 22:05:54,525 [INFO] Adding job tentatively -- it will be properly scheduled when the scheduler starts
2026-07-25 22:05:54,527 [INFO] Adding job tentatively -- it will be properly scheduled when the scheduler starts
2026-07-25 22:05:54,527 [INFO] Adding job tentatively -- it will be properly scheduled when the scheduler starts
2026-07-25 22:05:54,527 [INFO] Added job "cron_recuperar_carritos" to job store "default"
2026-07-25 22:05:54,527 [INFO] Added job "cron_reporte_mensual" to job store "default"
2026-07-25 22:05:54,527 [INFO] Added job "cron_respaldo_semanal" to job store "default"
2026-07-25 22:05:54,527 [INFO] Scheduler started
2026-07-25 22:10:38,703 [INFO] Adding job tentatively -- it will be properly scheduled when the scheduler starts
2026-07-25 22:10:38,706 [INFO] Adding job tentatively -- it will be properly scheduled when the scheduler starts
2026-07-25 22:10:38,706 [INFO] Adding job tentatively -- it will be properly scheduled when the scheduler starts
2026-07-25 22:10:38,707 [INFO] Added job "cron_recuperar_carritos" to job store "default"
2026-07-25 22:10:38,707 [INFO] Added job "cron_reporte_mensual" to job store "default"
2026-07-25 22:10:38,707 [INFO] Added job "cron_respaldo_semanal" to job store "default"
2026-07-25 22:10:38,707 [INFO] Scheduler started
2026-07-25 22:12:46,856 [INFO] Adding job tentatively -- it will be properly scheduled when the scheduler starts
2026-07-25 22:12:46,858 [INFO] Adding job tentatively -- it will be properly scheduled when the scheduler starts
2026-07-25 22:12:46,859 [INFO] Adding job tentatively -- it will be properly scheduled when the scheduler starts
2026-07-25 22:12:46,859 [INFO] Added job "cron_recuperar_carritos" to job store "default"
2026-07-25 22:12:46,859 [INFO] Added job "cron_reporte_mensual" to job store "default"
2026-07-25 22:12:46,859 [INFO] Added job "cron_respaldo_semanal" to job store "default"
2026-07-25 22:12:46,859 [INFO] Scheduler started
2026-07-25 22:12:58,281 [INFO] Adding job tentatively -- it will be properly scheduled when the scheduler starts
2026-07-25 22:12:58,283 [INFO] Adding job tentatively -- it will be properly scheduled when the scheduler starts
2026-07-25 22:12:58,283 [INFO] Adding job tentatively -- it will be properly scheduled when the scheduler starts
2026-07-25 22:12:58,284 [INFO] Added job "cron_recuperar_carritos" to job store "default"
2026-07-25 22:12:58,284 [INFO] Added job "cron_reporte_mensual" to job store "default"
2026-07-25 22:12:58,284 [INFO] Added job "cron_respaldo_semanal" to job store "default"
2026-07-25 22:12:58,284 [INFO] Scheduler started
2026-07-25 22:13:35,308 [INFO] Adding job tentatively -- it will be properly scheduled when the scheduler starts
2026-07-25 22:13:35,311 [INFO] Adding job tentatively -- it will be properly scheduled when the scheduler starts
2026-07-25 22:13:35,311 [INFO] Adding job tentatively -- it will be properly scheduled when the scheduler starts
2026-07-25 22:13:35,311 [INFO] Added job "cron_recuperar_carritos" to job store "default"
2026-07-25 22:13:35,312 [INFO] Added job "cron_reporte_mensual" to job store "default"
2026-07-25 22:13:35,312 [INFO] Added job "cron_respaldo_semanal" to job store "default"
2026-07-25 22:13:35,312 [INFO] Scheduler started
2026-07-25 22:26:32,230 [INFO] Adding job tentatively -- it will be properly scheduled when the scheduler starts
2026-07-25 22:26:32,244 [INFO] Adding job tentatively -- it will be properly scheduled when the scheduler starts
2026-07-25 22:26:32,274 [INFO] Adding job tentatively -- it will be properly scheduled when the scheduler starts
2026-07-25 22:26:32,275 [INFO] Added job "cron_recuperar_carritos" to job store "default"
2026-07-25 22:26:32,275 [INFO] Added job "cron_reporte_mensual" to job store "default"
2026-07-25 22:26:32,275 [INFO] Added job "cron_respaldo_semanal" to job store "default"
2026-07-25 22:26:32,275 [INFO] Scheduler started
2026-07-25 22:31:18,798 [INFO] Adding job tentatively -- it will be properly scheduled when the scheduler starts
2026-07-25 22:31:18,805 [INFO] Adding job tentatively -- it will be properly scheduled when the scheduler starts
2026-07-25 22:31:18,805 [INFO] Adding job tentatively -- it will be properly scheduled when the scheduler starts
2026-07-25 22:31:18,806 [INFO] Added job "cron_recuperar_carritos" to job store "default"
2026-07-25 22:31:18,806 [INFO] Added job "cron_reporte_mensual" to job store "default"
2026-07-25 22:31:18,806 [INFO] Added job "cron_respaldo_semanal" to job store "default"
2026-07-25 22:31:18,806 [INFO] Scheduler started
2026-07-25 22:35:03,706 [INFO] Adding job tentatively -- it will be properly scheduled when the scheduler starts
2026-07-25 22:35:03,718 [INFO] Adding job tentatively -- it will be properly scheduled when the scheduler starts
2026-07-25 22:35:03,718 [INFO] Adding job tentatively -- it will be properly scheduled when the scheduler starts
2026-07-25 22:35:03,718 [INFO] Added job "cron_recuperar_carritos" to job store "default"
2026-07-25 22:35:03,718 [INFO] Added job "cron_reporte_mensual" to job store "default"
2026-07-25 22:35:03,718 [INFO] Added job "cron_respaldo_semanal" to job store "default"
2026-07-25 22:35:03,718 [INFO] Scheduler started
2026-07-25 23:51:37,290 [WARNING] Run time of job "cron_recuperar_carritos (trigger: interval[1:00:00], next run at: 2026-07-25 23:35:03 CST)" was missed by 0:16:33.583660
2026-07-26 00:57:13,518 [WARNING] Run time of job "cron_recuperar_carritos (trigger: interval[1:00:00], next run at: 2026-07-26 01:35:03 CST)" was missed by 0:22:09.811268
2026-07-26 01:35:03,709 [INFO] Running job "cron_recuperar_carritos (trigger: interval[1:00:00], next run at: 2026-07-26 02:35:03 CST)" (scheduled at 2026-07-26 01:35:03.706793-06:00)
2026-07-26 01:35:03,783 [INFO] Job "cron_recuperar_carritos (trigger: interval[1:00:00], next run at: 2026-07-26 02:35:03 CST)" executed successfully
2026-07-26 09:09:45,259 [WARNING] Run time of job "cron_respaldo_semanal (trigger: cron[day_of_week='sun', hour='3', minute='0'], next run at: 2026-07-26 03:00:00 CST)" was missed by 6:09:45.259885
2026-07-26 09:09:45,260 [WARNING] Run time of job "cron_recuperar_carritos (trigger: interval[1:00:00], next run at: 2026-07-26 09:35:03 CST)" was missed by 0:34:41.553676
2026-07-26 09:09:45,261 [WARNING] Run time of job "cron_reporte_mensual (trigger: cron[hour='8', minute='0'], next run at: 2026-07-27 08:00:00 CST)" was missed by 1:09:45.261373
2026-07-26 09:35:19,845 [WARNING] Run time of job "cron_recuperar_carritos (trigger: interval[1:00:00], next run at: 2026-07-26 10:35:03 CST)" was missed by 0:00:16.138956
2026-07-26 14:49:13,414 [WARNING] Run time of job "cron_recuperar_carritos (trigger: interval[1:00:00], next run at: 2026-07-26 15:35:03 CST)" was missed by 0:14:09.707694
2026-07-26 15:02:52,454 [INFO] Adding job tentatively -- it will be properly scheduled when the scheduler starts
2026-07-26 15:02:52,466 [INFO] Adding job tentatively -- it will be properly scheduled when the scheduler starts
2026-07-26 15:02:52,466 [INFO] Adding job tentatively -- it will be properly scheduled when the scheduler starts
2026-07-26 15:02:52,467 [INFO] Added job "cron_recuperar_carritos" to job store "default"
2026-07-26 15:02:52,467 [INFO] Added job "cron_reporte_mensual" to job store "default"
2026-07-26 15:02:52,467 [INFO] Added job "cron_respaldo_semanal" to job store "default"
2026-07-26 15:02:52,467 [INFO] Scheduler started
2026-07-26 15:10:29,846 [INFO] Adding job tentatively -- it will be properly scheduled when the scheduler starts
2026-07-26 15:10:29,854 [INFO] Adding job tentatively -- it will be properly scheduled when the scheduler starts
2026-07-26 15:10:29,855 [INFO] Adding job tentatively -- it will be properly scheduled when the scheduler starts
2026-07-26 15:10:29,855 [INFO] Added job "cron_recuperar_carritos" to job store "default"
2026-07-26 15:10:29,855 [INFO] Added job "cron_reporte_mensual" to job store "default"
2026-07-26 15:10:29,855 [INFO] Added job "cron_respaldo_semanal" to job store "default"
2026-07-26 15:10:29,855 [INFO] Scheduler started
2026-07-26 15:16:23,033 [INFO] Adding job tentatively -- it will be properly scheduled when the scheduler starts
2026-07-26 15:16:23,036 [INFO] Adding job tentatively -- it will be properly scheduled when the scheduler starts
2026-07-26 15:16:23,036 [INFO] Adding job tentatively -- it will be properly scheduled when the scheduler starts
2026-07-26 15:16:23,037 [INFO] Added job "cron_recuperar_carritos" to job store "default"
2026-07-26 15:16:23,037 [INFO] Added job "cron_reporte_mensual" to job store "default"
2026-07-26 15:16:23,037 [INFO] Added job "cron_respaldo_semanal" to job store "default"
2026-07-26 15:16:23,037 [INFO] Scheduler started
2026-07-26 15:20:30,045 [INFO] Adding job tentatively -- it will be properly scheduled when the scheduler starts
2026-07-26 15:20:30,054 [INFO] Adding job tentatively -- it will be properly scheduled when the scheduler starts
2026-07-26 15:20:30,054 [INFO] Adding job tentatively -- it will be properly scheduled when the scheduler starts
2026-07-26 15:20:30,055 [INFO] Added job "cron_recuperar_carritos" to job store "default"
2026-07-26 15:20:30,055 [INFO] Added job "cron_reporte_mensual" to job store "default"
2026-07-26 15:20:30,055 [INFO] Added job "cron_respaldo_semanal" to job store "default"
2026-07-26 15:20:30,055 [INFO] Scheduler started
2026-07-26 15:26:51,304 [INFO] Adding job tentatively -- it will be properly scheduled when the scheduler starts
2026-07-26 15:26:51,307 [INFO] Adding job tentatively -- it will be properly scheduled when the scheduler starts
2026-07-26 15:26:51,307 [INFO] Adding job tentatively -- it will be properly scheduled when the scheduler starts
2026-07-26 15:26:51,307 [INFO] Added job "cron_recuperar_carritos" to job store "default"
2026-07-26 15:26:51,308 [INFO] Added job "cron_reporte_mensual" to job store "default"
2026-07-26 15:26:51,308 [INFO] Added job "cron_respaldo_semanal" to job store "default"
2026-07-26 15:26:51,308 [INFO] Scheduler started
2026-07-26 15:31:54,731 [INFO] Adding job tentatively -- it will be properly scheduled when the scheduler starts
2026-07-26 15:31:54,741 [INFO] Adding job tentatively -- it will be properly scheduled when the scheduler starts
2026-07-26 15:31:54,741 [INFO] Adding job tentatively -- it will be properly scheduled when the scheduler starts
2026-07-26 15:31:54,741 [INFO] Added job "cron_recuperar_carritos" to job store "default"
2026-07-26 15:31:54,741 [INFO] Added job "cron_reporte_mensual" to job store "default"
2026-07-26 15:31:54,741 [INFO] Added job "cron_respaldo_semanal" to job store "default"
2026-07-26 15:31:54,741 [INFO] Scheduler started
2026-07-26 15:40:32,670 [INFO] Adding job tentatively -- it will be properly scheduled when the scheduler starts
2026-07-26 15:40:32,673 [INFO] Adding job tentatively -- it will be properly scheduled when the scheduler starts
2026-07-26 15:40:32,673 [INFO] Adding job tentatively -- it will be properly scheduled when the scheduler starts
2026-07-26 15:40:32,673 [INFO] Added job "cron_recuperar_carritos" to job store "default"
2026-07-26 15:40:32,674 [INFO] Added job "cron_reporte_mensual" to job store "default"
2026-07-26 15:40:32,674 [INFO] Added job "cron_respaldo_semanal" to job store "default"
2026-07-26 15:40:32,674 [INFO] Scheduler started
2026-07-26 15:58:32,836 [INFO] Adding job tentatively -- it will be properly scheduled when the scheduler starts
2026-07-26 15:58:32,845 [INFO] Adding job tentatively -- it will be properly scheduled when the scheduler starts
2026-07-26 15:58:32,845 [INFO] Adding job tentatively -- it will be properly scheduled when the scheduler starts
2026-07-26 15:58:32,846 [INFO] Added job "cron_recuperar_carritos" to job store "default"
2026-07-26 15:58:32,846 [INFO] Added job "cron_reporte_mensual" to job store "default"
2026-07-26 15:58:32,846 [INFO] Added job "cron_respaldo_semanal" to job store "default"
2026-07-26 15:58:32,846 [INFO] Scheduler started
2026-07-26 16:13:22,634 [INFO] Adding job tentatively -- it will be properly scheduled when the scheduler starts
2026-07-26 16:13:22,637 [INFO] Adding job tentatively -- it will be properly scheduled when the scheduler starts
2026-07-26 16:13:22,637 [INFO] Adding job tentatively -- it will be properly scheduled when the scheduler starts
2026-07-26 16:13:22,638 [INFO] Added job "cron_recuperar_carritos" to job store "default"
2026-07-26 16:13:22,638 [INFO] Added job "cron_reporte_mensual" to job store "default"
2026-07-26 16:13:22,638 [INFO] Added job "cron_respaldo_semanal" to job store "default"
2026-07-26 16:13:22,638 [INFO] Scheduler started
2026-07-26 16:15:34,899 [INFO] Adding job tentatively -- it will be properly scheduled when the scheduler starts
2026-07-26 16:15:34,911 [INFO] Adding job tentatively -- it will be properly scheduled when the scheduler starts
2026-07-26 16:15:34,911 [INFO] Adding job tentatively -- it will be properly scheduled when the scheduler starts
2026-07-26 16:15:34,911 [INFO] Added job "cron_recuperar_carritos" to job store "default"
2026-07-26 16:15:34,911 [INFO] Added job "cron_reporte_mensual" to job store "default"
2026-07-26 16:15:34,912 [INFO] Added job "cron_respaldo_semanal" to job store "default"
2026-07-26 16:15:34,912 [INFO] Scheduler started
2026-07-26 16:18:03,779 [INFO] Adding job tentatively -- it will be properly scheduled when the scheduler starts
2026-07-26 16:18:03,781 [INFO] Adding job tentatively -- it will be properly scheduled when the scheduler starts
2026-07-26 16:18:03,781 [INFO] Adding job tentatively -- it will be properly scheduled when the scheduler starts
2026-07-26 16:18:03,782 [INFO] Added job "cron_recuperar_carritos" to job store "default"
2026-07-26 16:18:03,782 [INFO] Added job "cron_reporte_mensual" to job store "default"
2026-07-26 16:18:03,782 [INFO] Added job "cron_respaldo_semanal" to job store "default"
2026-07-26 16:18:03,782 [INFO] Scheduler started
2026-07-26 16:27:34,750 [INFO] Adding job tentatively -- it will be properly scheduled when the scheduler starts
2026-07-26 16:27:34,759 [INFO] Adding job tentatively -- it will be properly scheduled when the scheduler starts
2026-07-26 16:27:34,759 [INFO] Adding job tentatively -- it will be properly scheduled when the scheduler starts
2026-07-26 16:27:34,760 [INFO] Added job "cron_recuperar_carritos" to job store "default"
2026-07-26 16:27:34,760 [INFO] Added job "cron_reporte_mensual" to job store "default"
2026-07-26 16:27:34,760 [INFO] Added job "cron_respaldo_semanal" to job store "default"
2026-07-26 16:27:34,760 [INFO] Scheduler started
2026-07-26 16:28:02,339 [INFO] Adding job tentatively -- it will be properly scheduled when the scheduler starts
2026-07-26 16:28:02,342 [INFO] Adding job tentatively -- it will be properly scheduled when the scheduler starts
2026-07-26 16:28:02,342 [INFO] Adding job tentatively -- it will be properly scheduled when the scheduler starts
2026-07-26 16:28:02,342 [INFO] Added job "cron_recuperar_carritos" to job store "default"
2026-07-26 16:28:02,343 [INFO] Added job "cron_reporte_mensual" to job store "default"
2026-07-26 16:28:02,343 [INFO] Added job "cron_respaldo_semanal" to job store "default"
2026-07-26 16:28:02,343 [INFO] Scheduler started
2026-07-26 16:37:06,900 [INFO] Adding job tentatively -- it will be properly scheduled when the scheduler starts
2026-07-26 16:37:06,911 [INFO] Adding job tentatively -- it will be properly scheduled when the scheduler starts
2026-07-26 16:37:06,911 [INFO] Adding job tentatively -- it will be properly scheduled when the scheduler starts
2026-07-26 16:37:06,911 [INFO] Added job "cron_recuperar_carritos" to job store "default"
2026-07-26 16:37:06,911 [INFO] Added job "cron_reporte_mensual" to job store "default"
2026-07-26 16:37:06,912 [INFO] Added job "cron_respaldo_semanal" to job store "default"
2026-07-26 16:37:06,912 [INFO] Scheduler started
2026-07-26 16:44:09,125 [INFO] Adding job tentatively -- it will be properly scheduled when the scheduler starts
2026-07-26 16:44:09,128 [INFO] Adding job tentatively -- it will be properly scheduled when the scheduler starts
2026-07-26 16:44:09,128 [INFO] Adding job tentatively -- it will be properly scheduled when the scheduler starts
2026-07-26 16:44:09,128 [INFO] Added job "cron_recuperar_carritos" to job store "default"
2026-07-26 16:44:09,129 [INFO] Added job "cron_reporte_mensual" to job store "default"
2026-07-26 16:44:09,129 [INFO] Added job "cron_respaldo_semanal" to job store "default"
2026-07-26 16:44:09,129 [INFO] Scheduler started
2026-07-26 16:50:11,068 [INFO] Adding job tentatively -- it will be properly scheduled when the scheduler starts
2026-07-26 16:50:11,081 [INFO] Adding job tentatively -- it will be properly scheduled when the scheduler starts
2026-07-26 16:50:11,081 [INFO] Adding job tentatively -- it will be properly scheduled when the scheduler starts
2026-07-26 16:50:11,083 [INFO] Added job "cron_recuperar_carritos" to job store "default"
2026-07-26 16:50:11,083 [INFO] Added job "cron_reporte_mensual" to job store "default"
2026-07-26 16:50:11,083 [INFO] Added job "cron_respaldo_semanal" to job store "default"
2026-07-26 16:50:11,083 [INFO] Scheduler started
2026-07-26 17:10:44,031 [INFO] Adding job tentatively -- it will be properly scheduled when the scheduler starts
2026-07-26 17:10:44,034 [INFO] Adding job tentatively -- it will be properly scheduled when the scheduler starts
2026-07-26 17:10:44,034 [INFO] Adding job tentatively -- it will be properly scheduled when the scheduler starts
2026-07-26 17:10:44,035 [INFO] Added job "cron_recuperar_carritos" to job store "default"
2026-07-26 17:10:44,035 [INFO] Added job "cron_reporte_mensual" to job store "default"
2026-07-26 17:10:44,035 [INFO] Added job "cron_respaldo_semanal" to job store "default"
2026-07-26 17:10:44,035 [INFO] Scheduler started
2026-07-26 18:16:00,732 [INFO] Adding job tentatively -- it will be properly scheduled when the scheduler starts
2026-07-26 18:16:00,743 [INFO] Adding job tentatively -- it will be properly scheduled when the scheduler starts
2026-07-26 18:16:00,743 [INFO] Adding job tentatively -- it will be properly scheduled when the scheduler starts
2026-07-26 18:16:00,743 [INFO] Added job "cron_recuperar_carritos" to job store "default"
2026-07-26 18:16:00,743 [INFO] Added job "cron_reporte_mensual" to job store "default"
2026-07-26 18:16:00,744 [INFO] Added job "cron_respaldo_semanal" to job store "default"
2026-07-26 18:16:00,744 [INFO] Scheduler started
2026-07-26 18:20:51,743 [INFO] Adding job tentatively -- it will be properly scheduled when the scheduler starts
2026-07-26 18:20:51,746 [INFO] Adding job tentatively -- it will be properly scheduled when the scheduler starts
2026-07-26 18:20:51,746 [INFO] Adding job tentatively -- it will be properly scheduled when the scheduler starts
2026-07-26 18:20:51,747 [INFO] Added job "cron_recuperar_carritos" to job store "default"
2026-07-26 18:20:51,747 [INFO] Added job "cron_reporte_mensual" to job store "default"
2026-07-26 18:20:51,747 [INFO] Added job "cron_respaldo_semanal" to job store "default"
2026-07-26 18:20:51,747 [INFO] Scheduler started
2026-07-26 18:20:57,133 [INFO] Adding job tentatively -- it will be properly scheduled when the scheduler starts
2026-07-26 18:20:57,135 [INFO] Adding job tentatively -- it will be properly scheduled when the scheduler starts
2026-07-26 18:20:57,135 [INFO] Adding job tentatively -- it will be properly scheduled when the scheduler starts
2026-07-26 18:20:57,135 [INFO] Added job "cron_recuperar_carritos" to job store "default"
2026-07-26 18:20:57,135 [INFO] Added job "cron_reporte_mensual" to job store "default"
2026-07-26 18:20:57,135 [INFO] Added job "cron_respaldo_semanal" to job store "default"
2026-07-26 18:20:57,135 [INFO] Scheduler started
2026-07-26 18:27:54,364 [INFO] Adding job tentatively -- it will be properly scheduled when the scheduler starts
2026-07-26 18:27:54,368 [INFO] Adding job tentatively -- it will be properly scheduled when the scheduler starts
2026-07-26 18:27:54,368 [INFO] Adding job tentatively -- it will be properly scheduled when the scheduler starts
2026-07-26 18:27:54,368 [INFO] Added job "cron_recuperar_carritos" to job store "default"
2026-07-26 18:27:54,368 [INFO] Added job "cron_reporte_mensual" to job store "default"
2026-07-26 18:27:54,368 [INFO] Added job "cron_respaldo_semanal" to job store "default"
2026-07-26 18:27:54,368 [INFO] Scheduler started
2026-07-26 18:27:57,206 [INFO] Adding job tentatively -- it will be properly scheduled when the scheduler starts
2026-07-26 18:27:57,209 [INFO] Adding job tentatively -- it will be properly scheduled when the scheduler starts
2026-07-26 18:27:57,209 [INFO] Adding job tentatively -- it will be properly scheduled when the scheduler starts
2026-07-26 18:27:57,209 [INFO] Added job "cron_recuperar_carritos" to job store "default"
2026-07-26 18:27:57,209 [INFO] Added job "cron_reporte_mensual" to job store "default"
2026-07-26 18:27:57,210 [INFO] Added job "cron_respaldo_semanal" to job store "default"
2026-07-26 18:27:57,210 [INFO] Scheduler started
2026-07-26 18:27:58,325 [INFO] Adding job tentatively -- it will be properly scheduled when the scheduler starts
2026-07-26 18:27:58,328 [INFO] Adding job tentatively -- it will be properly scheduled when the scheduler starts
2026-07-26 18:27:58,328 [INFO] Adding job tentatively -- it will be properly scheduled when the scheduler starts
2026-07-26 18:27:58,328 [INFO] Added job "cron_recuperar_carritos" to job store "default"
2026-07-26 18:27:58,328 [INFO] Added job "cron_reporte_mensual" to job store "default"
2026-07-26 18:27:58,328 [INFO] Added job "cron_respaldo_semanal" to job store "default"
2026-07-26 18:27:58,328 [INFO] Scheduler started
2026-07-26 18:32:02,406 [INFO] Adding job tentatively -- it will be properly scheduled when the scheduler starts
2026-07-26 18:32:02,410 [INFO] Adding job tentatively -- it will be properly scheduled when the scheduler starts
2026-07-26 18:32:02,410 [INFO] Adding job tentatively -- it will be properly scheduled when the scheduler starts
2026-07-26 18:32:02,410 [INFO] Added job "cron_recuperar_carritos" to job store "default"
2026-07-26 18:32:02,410 [INFO] Added job "cron_reporte_mensual" to job store "default"
2026-07-26 18:32:02,411 [INFO] Added job "cron_respaldo_semanal" to job store "default"
2026-07-26 18:32:02,411 [INFO] Scheduler started
2026-07-26 18:32:08,298 [INFO] Adding job tentatively -- it will be properly scheduled when the scheduler starts
2026-07-26 18:32:08,301 [INFO] Adding job tentatively -- it will be properly scheduled when the scheduler starts
2026-07-26 18:32:08,301 [INFO] Adding job tentatively -- it will be properly scheduled when the scheduler starts
2026-07-26 18:32:08,301 [INFO] Added job "cron_recuperar_carritos" to job store "default"
2026-07-26 18:32:08,301 [INFO] Added job "cron_reporte_mensual" to job store "default"
2026-07-26 18:32:08,301 [INFO] Added job "cron_respaldo_semanal" to job store "default"
2026-07-26 18:32:08,301 [INFO] Scheduler started
2026-07-26 18:38:09,632 [INFO] Adding job tentatively -- it will be properly scheduled when the scheduler starts
2026-07-26 18:38:09,646 [INFO] Adding job tentatively -- it will be properly scheduled when the scheduler starts
2026-07-26 18:38:09,647 [INFO] Adding job tentatively -- it will be properly scheduled when the scheduler starts
2026-07-26 18:38:09,647 [INFO] Added job "cron_recuperar_carritos" to job store "default"
2026-07-26 18:38:09,647 [INFO] Added job "cron_reporte_mensual" to job store "default"
2026-07-26 18:38:09,647 [INFO] Added job "cron_respaldo_semanal" to job store "default"
2026-07-26 18:38:09,647 [INFO] Scheduler started
2026-07-26 18:38:15,922 [INFO] Adding job tentatively -- it will be properly scheduled when the scheduler starts
2026-07-26 18:38:15,924 [INFO] Adding job tentatively -- it will be properly scheduled when the scheduler starts
2026-07-26 18:38:15,924 [INFO] Adding job tentatively -- it will be properly scheduled when the scheduler starts
2026-07-26 18:38:15,924 [INFO] Added job "cron_recuperar_carritos" to job store "default"
2026-07-26 18:38:15,925 [INFO] Added job "cron_reporte_mensual" to job store "default"
2026-07-26 18:38:15,925 [INFO] Added job "cron_respaldo_semanal" to job store "default"
2026-07-26 18:38:15,925 [INFO] Scheduler started
2026-07-26 18:38:22,467 [INFO] Adding job tentatively -- it will be properly scheduled when the scheduler starts
2026-07-26 18:38:22,470 [INFO] Adding job tentatively -- it will be properly scheduled when the scheduler starts
2026-07-26 18:38:22,470 [INFO] Adding job tentatively -- it will be properly scheduled when the scheduler starts
2026-07-26 18:38:22,470 [INFO] Added job "cron_recuperar_carritos" to job store "default"
2026-07-26 18:38:22,470 [INFO] Added job "cron_reporte_mensual" to job store "default"
2026-07-26 18:38:22,470 [INFO] Added job "cron_respaldo_semanal" to job store "default"
2026-07-26 18:38:22,470 [INFO] Scheduler started
2026-07-26 18:38:24,451 [INFO] Adding job tentatively -- it will be properly scheduled when the scheduler starts
2026-07-26 18:38:24,453 [INFO] Adding job tentatively -- it will be properly scheduled when the scheduler starts
2026-07-26 18:38:24,453 [INFO] Adding job tentatively -- it will be properly scheduled when the scheduler starts
2026-07-26 18:38:24,454 [INFO] Added job "cron_recuperar_carritos" to job store "default"
2026-07-26 18:38:24,454 [INFO] Added job "cron_reporte_mensual" to job store "default"
2026-07-26 18:38:24,454 [INFO] Added job "cron_respaldo_semanal" to job store "default"
2026-07-26 18:38:24,454 [INFO] Scheduler started
2026-07-26 18:41:57,232 [INFO] Adding job tentatively -- it will be properly scheduled when the scheduler starts
2026-07-26 18:41:57,244 [INFO] Adding job tentatively -- it will be properly scheduled when the scheduler starts
2026-07-26 18:41:57,244 [INFO] Adding job tentatively -- it will be properly scheduled when the scheduler starts
2026-07-26 18:41:57,244 [INFO] Added job "cron_recuperar_carritos" to job store "default"
2026-07-26 18:41:57,245 [INFO] Added job "cron_reporte_mensual" to job store "default"
2026-07-26 18:41:57,245 [INFO] Added job "cron_respaldo_semanal" to job store "default"
2026-07-26 18:41:57,245 [INFO] Scheduler started
2026-07-26 18:42:00,385 [INFO] Adding job tentatively -- it will be properly scheduled when the scheduler starts
2026-07-26 18:42:00,389 [INFO] Adding job tentatively -- it will be properly scheduled when the scheduler starts
2026-07-26 18:42:00,389 [INFO] Adding job tentatively -- it will be properly scheduled when the scheduler starts
2026-07-26 18:42:00,390 [INFO] Added job "cron_recuperar_carritos" to job store "default"
2026-07-26 18:42:00,390 [INFO] Added job "cron_reporte_mensual" to job store "default"
2026-07-26 18:42:00,390 [INFO] Added job "cron_respaldo_semanal" to job store "default"
2026-07-26 18:42:00,390 [INFO] Scheduler started
2026-07-26 18:47:15,463 [INFO] Adding job tentatively -- it will be properly scheduled when the scheduler starts
2026-07-26 18:47:15,477 [INFO] Adding job tentatively -- it will be properly scheduled when the scheduler starts
2026-07-26 18:47:15,477 [INFO] Adding job tentatively -- it will be properly scheduled when the scheduler starts
2026-07-26 18:47:15,478 [INFO] Added job "cron_recuperar_carritos" to job store "default"
2026-07-26 18:47:15,478 [INFO] Added job "cron_reporte_mensual" to job store "default"
2026-07-26 18:47:15,478 [INFO] Added job "cron_respaldo_semanal" to job store "default"
2026-07-26 18:47:15,478 [INFO] Scheduler started
2026-07-26 18:47:23,446 [INFO] Adding job tentatively -- it will be properly scheduled when the scheduler starts
2026-07-26 18:47:23,450 [INFO] Adding job tentatively -- it will be properly scheduled when the scheduler starts
2026-07-26 18:47:23,450 [INFO] Adding job tentatively -- it will be properly scheduled when the scheduler starts
2026-07-26 18:47:23,450 [INFO] Added job "cron_recuperar_carritos" to job store "default"
2026-07-26 18:47:23,450 [INFO] Added job "cron_reporte_mensual" to job store "default"
2026-07-26 18:47:23,451 [INFO] Added job "cron_respaldo_semanal" to job store "default"
2026-07-26 18:47:23,451 [INFO] Scheduler started
2026-07-26 19:01:58,820 [INFO] Adding job tentatively -- it will be properly scheduled when the scheduler starts
2026-07-26 19:01:58,833 [INFO] Adding job tentatively -- it will be properly scheduled when the scheduler starts
2026-07-26 19:01:58,833 [INFO] Adding job tentatively -- it will be properly scheduled when the scheduler starts
2026-07-26 19:01:58,834 [INFO] Added job "cron_recuperar_carritos" to job store "default"
2026-07-26 19:01:58,834 [INFO] Added job "cron_reporte_mensual" to job store "default"
2026-07-26 19:01:58,834 [INFO] Added job "cron_respaldo_semanal" to job store "default"
2026-07-26 19:01:58,834 [INFO] Scheduler started
2026-07-26 19:01:59,972 [INFO] Adding job tentatively -- it will be properly scheduled when the scheduler starts
2026-07-26 19:01:59,974 [INFO] Adding job tentatively -- it will be properly scheduled when the scheduler starts
2026-07-26 19:01:59,975 [INFO] Adding job tentatively -- it will be properly scheduled when the scheduler starts
2026-07-26 19:01:59,975 [INFO] Added job "cron_recuperar_carritos" to job store "default"
2026-07-26 19:01:59,975 [INFO] Added job "cron_reporte_mensual" to job store "default"
2026-07-26 19:01:59,975 [INFO] Added job "cron_respaldo_semanal" to job store "default"
2026-07-26 19:01:59,975 [INFO] Scheduler started
2026-07-26 19:11:17,605 [INFO] Adding job tentatively -- it will be properly scheduled when the scheduler starts
2026-07-26 19:11:17,618 [INFO] Adding job tentatively -- it will be properly scheduled when the scheduler starts
2026-07-26 19:11:17,619 [INFO] Adding job tentatively -- it will be properly scheduled when the scheduler starts
2026-07-26 19:11:17,619 [INFO] Added job "cron_recuperar_carritos" to job store "default"
2026-07-26 19:11:17,619 [INFO] Added job "cron_reporte_mensual" to job store "default"
2026-07-26 19:11:17,619 [INFO] Added job "cron_respaldo_semanal" to job store "default"
2026-07-26 19:11:17,619 [INFO] Scheduler started
2026-07-26 19:11:21,487 [INFO] Adding job tentatively -- it will be properly scheduled when the scheduler starts
2026-07-26 19:11:21,489 [INFO] Adding job tentatively -- it will be properly scheduled when the scheduler starts
2026-07-26 19:11:21,490 [INFO] Adding job tentatively -- it will be properly scheduled when the scheduler starts
2026-07-26 19:11:21,490 [INFO] Added job "cron_recuperar_carritos" to job store "default"
2026-07-26 19:11:21,490 [INFO] Added job "cron_reporte_mensual" to job store "default"
2026-07-26 19:11:21,490 [INFO] Added job "cron_respaldo_semanal" to job store "default"
2026-07-26 19:11:21,490 [INFO] Scheduler started
2026-07-26 19:22:02,434 [INFO] Adding job tentatively -- it will be properly scheduled when the scheduler starts
2026-07-26 19:22:02,446 [INFO] Adding job tentatively -- it will be properly scheduled when the scheduler starts
2026-07-26 19:22:02,446 [INFO] Adding job tentatively -- it will be properly scheduled when the scheduler starts
2026-07-26 19:22:02,446 [INFO] Added job "cron_recuperar_carritos" to job store "default"
2026-07-26 19:22:02,447 [INFO] Added job "cron_reporte_mensual" to job store "default"
2026-07-26 19:22:02,447 [INFO] Added job "cron_respaldo_semanal" to job store "default"
2026-07-26 19:22:02,447 [INFO] Scheduler started
2026-07-26 19:22:05,380 [INFO] Adding job tentatively -- it will be properly scheduled when the scheduler starts
2026-07-26 19:22:05,382 [INFO] Adding job tentatively -- it will be properly scheduled when the scheduler starts
2026-07-26 19:22:05,382 [INFO] Adding job tentatively -- it will be properly scheduled when the scheduler starts
2026-07-26 19:22:05,382 [INFO] Added job "cron_recuperar_carritos" to job store "default"
2026-07-26 19:22:05,382 [INFO] Added job "cron_reporte_mensual" to job store "default"
2026-07-26 19:22:05,383 [INFO] Added job "cron_respaldo_semanal" to job store "default"
2026-07-26 19:22:05,383 [INFO] Scheduler started
2026-07-26 19:22:06,504 [INFO] Adding job tentatively -- it will be properly scheduled when the scheduler starts
2026-07-26 19:22:06,510 [INFO] Adding job tentatively -- it will be properly scheduled when the scheduler starts
2026-07-26 19:22:06,510 [INFO] Adding job tentatively -- it will be properly scheduled when the scheduler starts
2026-07-26 19:22:06,513 [INFO] Added job "cron_recuperar_carritos" to job store "default"
2026-07-26 19:22:06,513 [INFO] Added job "cron_reporte_mensual" to job store "default"
2026-07-26 19:22:06,513 [INFO] Added job "cron_respaldo_semanal" to job store "default"
2026-07-26 19:22:06,513 [INFO] Scheduler started
2026-07-26 19:42:09,980 [INFO] Adding job tentatively -- it will be properly scheduled when the scheduler starts
2026-07-26 19:42:09,993 [INFO] Adding job tentatively -- it will be properly scheduled when the scheduler starts
2026-07-26 19:42:09,993 [INFO] Adding job tentatively -- it will be properly scheduled when the scheduler starts
2026-07-26 19:42:09,994 [INFO] Added job "cron_recuperar_carritos" to job store "default"
2026-07-26 19:42:09,994 [INFO] Added job "cron_reporte_mensual" to job store "default"
2026-07-26 19:42:09,994 [INFO] Added job "cron_respaldo_semanal" to job store "default"
2026-07-26 19:42:09,994 [INFO] Scheduler started
2026-07-26 19:42:12,728 [INFO] Adding job tentatively -- it will be properly scheduled when the scheduler starts
2026-07-26 19:42:12,730 [INFO] Adding job tentatively -- it will be properly scheduled when the scheduler starts
2026-07-26 19:42:12,730 [INFO] Adding job tentatively -- it will be properly scheduled when the scheduler starts
2026-07-26 19:42:12,730 [INFO] Added job "cron_recuperar_carritos" to job store "default"
2026-07-26 19:42:12,730 [INFO] Added job "cron_reporte_mensual" to job store "default"
2026-07-26 19:42:12,731 [INFO] Added job "cron_respaldo_semanal" to job store "default"
2026-07-26 19:42:12,731 [INFO] Scheduler started
2026-07-26 19:42:13,842 [INFO] Adding job tentatively -- it will be properly scheduled when the scheduler starts
2026-07-26 19:42:13,847 [INFO] Adding job tentatively -- it will be properly scheduled when the scheduler starts
2026-07-26 19:42:13,847 [INFO] Adding job tentatively -- it will be properly scheduled when the scheduler starts
2026-07-26 19:42:13,847 [INFO] Added job "cron_recuperar_carritos" to job store "default"
2026-07-26 19:42:13,847 [INFO] Added job "cron_reporte_mensual" to job store "default"
2026-07-26 19:42:13,847 [INFO] Added job "cron_respaldo_semanal" to job store "default"
2026-07-26 19:42:13,847 [INFO] Scheduler started
2026-07-26 20:03:56,568 [INFO] Adding job tentatively -- it will be properly scheduled when the scheduler starts
2026-07-26 20:03:56,572 [INFO] Adding job tentatively -- it will be properly scheduled when the scheduler starts
2026-07-26 20:03:56,572 [INFO] Adding job tentatively -- it will be properly scheduled when the scheduler starts
2026-07-26 20:03:56,572 [INFO] Added job "cron_recuperar_carritos" to job store "default"
2026-07-26 20:03:56,572 [INFO] Added job "cron_reporte_mensual" to job store "default"
2026-07-26 20:03:56,573 [INFO] Added job "cron_respaldo_semanal" to job store "default"
2026-07-26 20:03:56,573 [INFO] Scheduler started
2026-07-26 20:03:57,649 [INFO] Adding job tentatively -- it will be properly scheduled when the scheduler starts
2026-07-26 20:03:57,651 [INFO] Adding job tentatively -- it will be properly scheduled when the scheduler starts
2026-07-26 20:03:57,651 [INFO] Adding job tentatively -- it will be properly scheduled when the scheduler starts
2026-07-26 20:03:57,651 [INFO] Added job "cron_recuperar_carritos" to job store "default"
2026-07-26 20:03:57,652 [INFO] Added job "cron_reporte_mensual" to job store "default"
2026-07-26 20:03:57,652 [INFO] Added job "cron_respaldo_semanal" to job store "default"
2026-07-26 20:03:57,652 [INFO] Scheduler started
2026-07-26 20:28:02,258 [INFO] Adding job tentatively -- it will be properly scheduled when the scheduler starts
2026-07-26 20:28:02,269 [INFO] Adding job tentatively -- it will be properly scheduled when the scheduler starts
2026-07-26 20:28:02,269 [INFO] Adding job tentatively -- it will be properly scheduled when the scheduler starts
2026-07-26 20:28:02,270 [INFO] Added job "cron_recuperar_carritos" to job store "default"
2026-07-26 20:28:02,270 [INFO] Added job "cron_reporte_mensual" to job store "default"
2026-07-26 20:28:02,270 [INFO] Added job "cron_respaldo_semanal" to job store "default"
2026-07-26 20:28:02,270 [INFO] Scheduler started
2026-07-26 20:28:03,461 [INFO] Adding job tentatively -- it will be properly scheduled when the scheduler starts
2026-07-26 20:28:03,464 [INFO] Adding job tentatively -- it will be properly scheduled when the scheduler starts
2026-07-26 20:28:03,464 [INFO] Adding job tentatively -- it will be properly scheduled when the scheduler starts
2026-07-26 20:28:03,464 [INFO] Added job "cron_recuperar_carritos" to job store "default"
2026-07-26 20:28:03,464 [INFO] Added job "cron_reporte_mensual" to job store "default"
2026-07-26 20:28:03,464 [INFO] Added job "cron_respaldo_semanal" to job store "default"
2026-07-26 20:28:03,464 [INFO] Scheduler started
2026-07-26 20:48:06,019 [INFO] Adding job tentatively -- it will be properly scheduled when the scheduler starts
2026-07-26 20:48:06,025 [INFO] Adding job tentatively -- it will be properly scheduled when the scheduler starts
2026-07-26 20:48:06,026 [INFO] Adding job tentatively -- it will be properly scheduled when the scheduler starts
2026-07-26 20:48:06,033 [INFO] Added job "cron_recuperar_carritos" to job store "default"
2026-07-26 20:48:06,033 [INFO] Added job "cron_reporte_mensual" to job store "default"
2026-07-26 20:48:06,033 [INFO] Added job "cron_respaldo_semanal" to job store "default"
2026-07-26 20:48:06,033 [INFO] Scheduler started
2026-07-26 20:48:08,887 [INFO] Adding job tentatively -- it will be properly scheduled when the scheduler starts
2026-07-26 20:48:08,889 [INFO] Adding job tentatively -- it will be properly scheduled when the scheduler starts
2026-07-26 20:48:08,889 [INFO] Adding job tentatively -- it will be properly scheduled when the scheduler starts
2026-07-26 20:48:08,889 [INFO] Added job "cron_recuperar_carritos" to job store "default"
2026-07-26 20:48:08,890 [INFO] Added job "cron_reporte_mensual" to job store "default"
2026-07-26 20:48:08,890 [INFO] Added job "cron_respaldo_semanal" to job store "default"
2026-07-26 20:48:08,890 [INFO] Scheduler started
2026-07-26 21:08:12,136 [INFO] Adding job tentatively -- it will be properly scheduled when the scheduler starts
2026-07-26 21:08:12,148 [INFO] Adding job tentatively -- it will be properly scheduled when the scheduler starts
2026-07-26 21:08:12,148 [INFO] Adding job tentatively -- it will be properly scheduled when the scheduler starts
2026-07-26 21:08:12,149 [INFO] Added job "cron_recuperar_carritos" to job store "default"
2026-07-26 21:08:12,149 [INFO] Added job "cron_reporte_mensual" to job store "default"
2026-07-26 21:08:12,149 [INFO] Added job "cron_respaldo_semanal" to job store "default"
2026-07-26 21:08:12,149 [INFO] Scheduler started
2026-07-26 21:08:13,534 [INFO] Adding job tentatively -- it will be properly scheduled when the scheduler starts
2026-07-26 21:08:13,536 [INFO] Adding job tentatively -- it will be properly scheduled when the scheduler starts
2026-07-26 21:08:13,536 [INFO] Adding job tentatively -- it will be properly scheduled when the scheduler starts
2026-07-26 21:08:13,536 [INFO] Added job "cron_recuperar_carritos" to job store "default"
2026-07-26 21:08:13,537 [INFO] Added job "cron_reporte_mensual" to job store "default"
2026-07-26 21:08:13,537 [INFO] Added job "cron_respaldo_semanal" to job store "default"
2026-07-26 21:08:13,537 [INFO] Scheduler started
2026-07-26 21:28:16,153 [INFO] Adding job tentatively -- it will be properly scheduled when the scheduler starts
2026-07-26 21:28:16,168 [INFO] Adding job tentatively -- it will be properly scheduled when the scheduler starts
2026-07-26 21:28:16,168 [INFO] Adding job tentatively -- it will be properly scheduled when the scheduler starts
2026-07-26 21:28:16,168 [INFO] Added job "cron_recuperar_carritos" to job store "default"
2026-07-26 21:28:16,169 [INFO] Added job "cron_reporte_mensual" to job store "default"
2026-07-26 21:28:16,169 [INFO] Added job "cron_respaldo_semanal" to job store "default"
2026-07-26 21:28:16,169 [INFO] Scheduler started
2026-07-26 21:28:17,636 [INFO] Adding job tentatively -- it will be properly scheduled when the scheduler starts
2026-07-26 21:28:17,638 [INFO] Adding job tentatively -- it will be properly scheduled when the scheduler starts
2026-07-26 21:28:17,639 [INFO] Adding job tentatively -- it will be properly scheduled when the scheduler starts
2026-07-26 21:28:17,639 [INFO] Added job "cron_recuperar_carritos" to job store "default"
2026-07-26 21:28:17,639 [INFO] Added job "cron_reporte_mensual" to job store "default"
2026-07-26 21:28:17,639 [INFO] Added job "cron_respaldo_semanal" to job store "default"
2026-07-26 21:28:17,639 [INFO] Scheduler started
2026-07-26 21:48:19,544 [INFO] Adding job tentatively -- it will be properly scheduled when the scheduler starts
2026-07-26 21:48:19,559 [INFO] Adding job tentatively -- it will be properly scheduled when the scheduler starts
2026-07-26 21:48:19,559 [INFO] Adding job tentatively -- it will be properly scheduled when the scheduler starts
2026-07-26 21:48:19,560 [INFO] Added job "cron_recuperar_carritos" to job store "default"
2026-07-26 21:48:19,560 [INFO] Added job "cron_reporte_mensual" to job store "default"
2026-07-26 21:48:19,560 [INFO] Added job "cron_respaldo_semanal" to job store "default"
2026-07-26 21:48:19,560 [INFO] Scheduler started
2026-07-26 21:48:20,794 [INFO] Adding job tentatively -- it will be properly scheduled when the scheduler starts
2026-07-26 21:48:20,796 [INFO] Adding job tentatively -- it will be properly scheduled when the scheduler starts
2026-07-26 21:48:20,796 [INFO] Adding job tentatively -- it will be properly scheduled when the scheduler starts
2026-07-26 21:48:20,797 [INFO] Added job "cron_recuperar_carritos" to job store "default"
2026-07-26 21:48:20,797 [INFO] Added job "cron_reporte_mensual" to job store "default"
2026-07-26 21:48:20,797 [INFO] Added job "cron_respaldo_semanal" to job store "default"
2026-07-26 21:48:20,797 [INFO] Scheduler started
2026-07-26 22:08:23,462 [INFO] Adding job tentatively -- it will be properly scheduled when the scheduler starts
2026-07-26 22:08:23,475 [INFO] Adding job tentatively -- it will be properly scheduled when the scheduler starts
2026-07-26 22:08:23,475 [INFO] Adding job tentatively -- it will be properly scheduled when the scheduler starts
2026-07-26 22:08:23,476 [INFO] Added job "cron_recuperar_carritos" to job store "default"
2026-07-26 22:08:23,476 [INFO] Added job "cron_reporte_mensual" to job store "default"
2026-07-26 22:08:23,477 [INFO] Added job "cron_respaldo_semanal" to job store "default"
2026-07-26 22:08:23,477 [INFO] Scheduler started
2026-07-26 22:08:24,806 [INFO] Adding job tentatively -- it will be properly scheduled when the scheduler starts
2026-07-26 22:08:24,809 [INFO] Adding job tentatively -- it will be properly scheduled when the scheduler starts
2026-07-26 22:08:24,809 [INFO] Adding job tentatively -- it will be properly scheduled when the scheduler starts
2026-07-26 22:08:24,809 [INFO] Added job "cron_recuperar_carritos" to job store "default"
2026-07-26 22:08:24,810 [INFO] Added job "cron_reporte_mensual" to job store "default"
2026-07-26 22:08:24,810 [INFO] Added job "cron_respaldo_semanal" to job store "default"
2026-07-26 22:08:24,810 [INFO] Scheduler started
2026-07-26 22:28:28,494 [INFO] Adding job tentatively -- it will be properly scheduled when the scheduler starts
2026-07-26 22:28:28,508 [INFO] Adding job tentatively -- it will be properly scheduled when the scheduler starts
2026-07-26 22:28:28,508 [INFO] Adding job tentatively -- it will be properly scheduled when the scheduler starts
2026-07-26 22:28:28,509 [INFO] Added job "cron_recuperar_carritos" to job store "default"
2026-07-26 22:28:28,509 [INFO] Added job "cron_reporte_mensual" to job store "default"
2026-07-26 22:28:28,509 [INFO] Added job "cron_respaldo_semanal" to job store "default"
2026-07-26 22:28:28,509 [INFO] Scheduler started
2026-07-26 22:28:31,131 [INFO] Adding job tentatively -- it will be properly scheduled when the scheduler starts
2026-07-26 22:28:31,133 [INFO] Adding job tentatively -- it will be properly scheduled when the scheduler starts
2026-07-26 22:28:31,133 [INFO] Adding job tentatively -- it will be properly scheduled when the scheduler starts
2026-07-26 22:28:31,134 [INFO] Added job "cron_recuperar_carritos" to job store "default"
2026-07-26 22:28:31,134 [INFO] Added job "cron_reporte_mensual" to job store "default"
2026-07-26 22:28:31,134 [INFO] Added job "cron_respaldo_semanal" to job store "default"
2026-07-26 22:28:31,134 [INFO] Scheduler started
2026-07-26 22:48:34,707 [INFO] Adding job tentatively -- it will be properly scheduled when the scheduler starts
2026-07-26 22:48:34,719 [INFO] Adding job tentatively -- it will be properly scheduled when the scheduler starts
2026-07-26 22:48:34,719 [INFO] Adding job tentatively -- it will be properly scheduled when the scheduler starts
2026-07-26 22:48:34,720 [INFO] Added job "cron_recuperar_carritos" to job store "default"
2026-07-26 22:48:34,720 [INFO] Added job "cron_reporte_mensual" to job store "default"
2026-07-26 22:48:34,720 [INFO] Added job "cron_respaldo_semanal" to job store "default"
2026-07-26 22:48:34,720 [INFO] Scheduler started
2026-07-26 22:48:37,649 [INFO] Adding job tentatively -- it will be properly scheduled when the scheduler starts
2026-07-26 22:48:37,652 [INFO] Adding job tentatively -- it will be properly scheduled when the scheduler starts
2026-07-26 22:48:37,652 [INFO] Adding job tentatively -- it will be properly scheduled when the scheduler starts
2026-07-26 22:48:37,653 [INFO] Added job "cron_recuperar_carritos" to job store "default"
2026-07-26 22:48:37,653 [INFO] Added job "cron_reporte_mensual" to job store "default"
2026-07-26 22:48:37,654 [INFO] Added job "cron_respaldo_semanal" to job store "default"
2026-07-26 22:48:37,654 [INFO] Scheduler started
2026-07-26 22:48:39,145 [INFO] Adding job tentatively -- it will be properly scheduled when the scheduler starts
2026-07-26 22:48:39,147 [INFO] Adding job tentatively -- it will be properly scheduled when the scheduler starts
2026-07-26 22:48:39,147 [INFO] Adding job tentatively -- it will be properly scheduled when the scheduler starts
2026-07-26 22:48:39,148 [INFO] Added job "cron_recuperar_carritos" to job store "default"
2026-07-26 22:48:39,148 [INFO] Added job "cron_reporte_mensual" to job store "default"
2026-07-26 22:48:39,148 [INFO] Added job "cron_respaldo_semanal" to job store "default"
2026-07-26 22:48:39,148 [INFO] Scheduler started
2026-07-26 23:08:47,327 [INFO] Adding job tentatively -- it will be properly scheduled when the scheduler starts
2026-07-26 23:08:47,342 [INFO] Adding job tentatively -- it will be properly scheduled when the scheduler starts
2026-07-26 23:08:47,342 [INFO] Adding job tentatively -- it will be properly scheduled when the scheduler starts
2026-07-26 23:08:47,343 [INFO] Added job "cron_recuperar_carritos" to job store "default"
2026-07-26 23:08:47,343 [INFO] Added job "cron_reporte_mensual" to job store "default"
2026-07-26 23:08:47,343 [INFO] Added job "cron_respaldo_semanal" to job store "default"
2026-07-26 23:08:47,343 [INFO] Scheduler started
2026-07-26 23:08:48,893 [INFO] Adding job tentatively -- it will be properly scheduled when the scheduler starts
2026-07-26 23:08:48,896 [INFO] Adding job tentatively -- it will be properly scheduled when the scheduler starts
2026-07-26 23:08:48,896 [INFO] Adding job tentatively -- it will be properly scheduled when the scheduler starts
2026-07-26 23:08:48,896 [INFO] Added job "cron_recuperar_carritos" to job store "default"
2026-07-26 23:08:48,897 [INFO] Added job "cron_reporte_mensual" to job store "default"
2026-07-26 23:08:48,897 [INFO] Added job "cron_respaldo_semanal" to job store "default"
2026-07-26 23:08:48,897 [INFO] Scheduler started
2026-07-26 23:28:51,528 [INFO] Adding job tentatively -- it will be properly scheduled when the scheduler starts
2026-07-26 23:28:51,543 [INFO] Adding job tentatively -- it will be properly scheduled when the scheduler starts
2026-07-26 23:28:51,543 [INFO] Adding job tentatively -- it will be properly scheduled when the scheduler starts
2026-07-26 23:28:51,543 [INFO] Added job "cron_recuperar_carritos" to job store "default"
2026-07-26 23:28:51,544 [INFO] Added job "cron_reporte_mensual" to job store "default"
2026-07-26 23:28:51,544 [INFO] Added job "cron_respaldo_semanal" to job store "default"
2026-07-26 23:28:51,544 [INFO] Scheduler started
2026-07-26 23:28:54,476 [INFO] Adding job tentatively -- it will be properly scheduled when the scheduler starts
2026-07-26 23:28:54,478 [INFO] Adding job tentatively -- it will be properly scheduled when the scheduler starts
2026-07-26 23:28:54,479 [INFO] Adding job tentatively -- it will be properly scheduled when the scheduler starts
2026-07-26 23:28:54,479 [INFO] Added job "cron_recuperar_carritos" to job store "default"
2026-07-26 23:28:54,479 [INFO] Added job "cron_reporte_mensual" to job store "default"
2026-07-26 23:28:54,479 [INFO] Added job "cron_respaldo_semanal" to job store "default"
2026-07-26 23:28:54,479 [INFO] Scheduler started
2026-07-26 23:48:57,960 [INFO] Adding job tentatively -- it will be properly scheduled when the scheduler starts
2026-07-26 23:48:57,974 [INFO] Adding job tentatively -- it will be properly scheduled when the scheduler starts
2026-07-26 23:48:57,975 [INFO] Adding job tentatively -- it will be properly scheduled when the scheduler starts
2026-07-26 23:48:57,975 [INFO] Added job "cron_recuperar_carritos" to job store "default"
2026-07-26 23:48:57,975 [INFO] Added job "cron_reporte_mensual" to job store "default"
2026-07-26 23:48:57,976 [INFO] Added job "cron_respaldo_semanal" to job store "default"
2026-07-26 23:48:57,976 [INFO] Scheduler started
2026-07-27 00:58:57,519 [WARNING] Run time of job "cron_recuperar_carritos (trigger: interval[1:00:00], next run at: 2026-07-27 00:48:57 CST)" was missed by 0:09:59.558886
2026-07-27 02:10:16,020 [WARNING] Run time of job "cron_recuperar_carritos (trigger: interval[1:00:00], next run at: 2026-07-27 02:48:57 CST)" was missed by 0:21:18.059987
2026-07-27 02:56:02,800 [WARNING] Run time of job "cron_recuperar_carritos (trigger: interval[1:00:00], next run at: 2026-07-27 03:48:57 CST)" was missed by 0:07:04.839961
2026-07-27 04:04:58,847 [WARNING] Run time of job "cron_recuperar_carritos (trigger: interval[1:00:00], next run at: 2026-07-27 04:48:57 CST)" was missed by 0:16:00.886972
2026-07-27 04:54:39,805 [WARNING] Run time of job "cron_recuperar_carritos (trigger: interval[1:00:00], next run at: 2026-07-27 05:48:57 CST)" was missed by 0:05:41.845416
2026-07-27 06:00:28,739 [WARNING] Run time of job "cron_recuperar_carritos (trigger: interval[1:00:00], next run at: 2026-07-27 06:48:57 CST)" was missed by 0:11:30.779143
2026-07-27 07:01:26,728 [WARNING] Run time of job "cron_recuperar_carritos (trigger: interval[1:00:00], next run at: 2026-07-27 07:48:57 CST)" was missed by 0:12:28.768571
2026-07-27 07:50:31,976 [WARNING] Run time of job "cron_recuperar_carritos (trigger: interval[1:00:00], next run at: 2026-07-27 08:48:57 CST)" was missed by 0:01:34.016085
2026-07-27 08:06:08,685 [WARNING] Run time of job "cron_reporte_mensual (trigger: cron[hour='8', minute='0'], next run at: 2026-07-28 08:00:00 CST)" was missed by 0:06:08.685929
2026-07-27 08:55:58,723 [WARNING] Run time of job "cron_recuperar_carritos (trigger: interval[1:00:00], next run at: 2026-07-27 09:48:57 CST)" was missed by 0:07:00.763354
2026-07-27 10:00:42,765 [WARNING] Run time of job "cron_recuperar_carritos (trigger: interval[1:00:00], next run at: 2026-07-27 10:48:57 CST)" was missed by 0:11:44.804916
2026-07-27 10:48:57,964 [INFO] Running job "cron_recuperar_carritos (trigger: interval[1:00:00], next run at: 2026-07-27 11:48:57 CST)" (scheduled at 2026-07-27 10:48:57.960065-06:00)
2026-07-27 10:48:58,005 [INFO] Job "cron_recuperar_carritos (trigger: interval[1:00:00], next run at: 2026-07-27 11:48:57 CST)" executed successfully
2026-07-27 12:05:04,513 [WARNING] Run time of job "cron_recuperar_carritos (trigger: interval[1:00:00], next run at: 2026-07-27 12:48:57 CST)" was missed by 0:16:06.552822
2026-07-27 13:00:43,626 [WARNING] Run time of job "cron_recuperar_carritos (trigger: interval[1:00:00], next run at: 2026-07-27 13:48:57 CST)" was missed by 0:11:45.666652
2026-07-27 14:07:55,703 [WARNING] Run time of job "cron_recuperar_carritos (trigger: interval[1:00:00], next run at: 2026-07-27 14:48:57 CST)" was missed by 0:18:57.743394
2026-07-27 15:04:36,644 [WARNING] Run time of job "cron_recuperar_carritos (trigger: interval[1:00:00], next run at: 2026-07-27 15:48:57 CST)" was missed by 0:15:38.684336
2026-07-27 15:54:50,790 [WARNING] Run time of job "cron_recuperar_carritos (trigger: interval[1:00:00], next run at: 2026-07-27 16:48:57 CST)" was missed by 0:05:52.830773
2026-07-27 17:01:02,827 [WARNING] Run time of job "cron_recuperar_carritos (trigger: interval[1:00:00], next run at: 2026-07-27 17:48:57 CST)" was missed by 0:12:04.867180
2026-07-27 17:48:57,966 [INFO] Running job "cron_recuperar_carritos (trigger: interval[1:00:00], next run at: 2026-07-27 18:48:57 CST)" (scheduled at 2026-07-27 17:48:57.960065-06:00)
2026-07-27 17:48:57,982 [INFO] Job "cron_recuperar_carritos (trigger: interval[1:00:00], next run at: 2026-07-27 18:48:57 CST)" executed successfully
2026-07-27 18:35:13,600 [INFO] Adding job tentatively -- it will be properly scheduled when the scheduler starts
2026-07-27 18:35:13,613 [INFO] Adding job tentatively -- it will be properly scheduled when the scheduler starts
2026-07-27 18:35:13,613 [INFO] Adding job tentatively -- it will be properly scheduled when the scheduler starts
2026-07-27 18:35:13,614 [INFO] Adding job tentatively -- it will be properly scheduled when the scheduler starts
2026-07-27 18:35:13,614 [INFO] Added job "cron_recuperar_carritos" to job store "default"
2026-07-27 18:35:13,614 [INFO] Added job "cron_reporte_mensual" to job store "default"
2026-07-27 18:35:13,614 [INFO] Added job "cron_respaldo_semanal" to job store "default"
2026-07-27 18:35:13,615 [INFO] Added job "robot_respaldos_diarios" to job store "default"
2026-07-27 18:35:13,615 [INFO] Scheduler started
2026-07-27 18:35:17,298 [INFO] Adding job tentatively -- it will be properly scheduled when the scheduler starts
2026-07-27 18:35:17,300 [INFO] Adding job tentatively -- it will be properly scheduled when the scheduler starts
2026-07-27 18:35:17,300 [INFO] Adding job tentatively -- it will be properly scheduled when the scheduler starts
2026-07-27 18:35:17,300 [INFO] Adding job tentatively -- it will be properly scheduled when the scheduler starts
2026-07-27 18:35:17,300 [INFO] Added job "cron_recuperar_carritos" to job store "default"
2026-07-27 18:35:17,301 [INFO] Added job "cron_reporte_mensual" to job store "default"
2026-07-27 18:35:17,301 [INFO] Added job "cron_respaldo_semanal" to job store "default"
2026-07-27 18:35:17,301 [INFO] Added job "robot_respaldos_diarios" to job store "default"
2026-07-27 18:35:17,301 [INFO] Scheduler started
2026-07-27 18:37:25,997 [INFO] Adding job tentatively -- it will be properly scheduled when the scheduler starts
2026-07-27 18:37:26,008 [INFO] Adding job tentatively -- it will be properly scheduled when the scheduler starts
2026-07-27 18:37:26,008 [INFO] Adding job tentatively -- it will be properly scheduled when the scheduler starts
2026-07-27 18:37:26,008 [INFO] Adding job tentatively -- it will be properly scheduled when the scheduler starts
2026-07-27 18:37:26,009 [INFO] Added job "cron_recuperar_carritos" to job store "default"
2026-07-27 18:37:26,009 [INFO] Added job "cron_reporte_mensual" to job store "default"
2026-07-27 18:37:26,009 [INFO] Added job "cron_respaldo_semanal" to job store "default"
2026-07-27 18:37:26,010 [INFO] Added job "robot_respaldos_diarios" to job store "default"
2026-07-27 18:37:26,010 [INFO] Scheduler started
2026-07-27 18:37:29,545 [INFO] Adding job tentatively -- it will be properly scheduled when the scheduler starts
2026-07-27 18:37:29,547 [INFO] Adding job tentatively -- it will be properly scheduled when the scheduler starts
2026-07-27 18:37:29,547 [INFO] Adding job tentatively -- it will be properly scheduled when the scheduler starts
2026-07-27 18:37:29,547 [INFO] Adding job tentatively -- it will be properly scheduled when the scheduler starts
2026-07-27 18:37:29,548 [INFO] Added job "cron_recuperar_carritos" to job store "default"
2026-07-27 18:37:29,548 [INFO] Added job "cron_reporte_mensual" to job store "default"
2026-07-27 18:37:29,548 [INFO] Added job "cron_respaldo_semanal" to job store "default"
2026-07-27 18:37:29,548 [INFO] Added job "robot_respaldos_diarios" to job store "default"
2026-07-27 18:37:29,548 [INFO] Scheduler started
2026-07-27 18:41:46,308 [INFO] Adding job tentatively -- it will be properly scheduled when the scheduler starts
2026-07-27 18:41:46,319 [INFO] Adding job tentatively -- it will be properly scheduled when the scheduler starts
2026-07-27 18:41:46,319 [INFO] Adding job tentatively -- it will be properly scheduled when the scheduler starts
2026-07-27 18:41:46,319 [INFO] Adding job tentatively -- it will be properly scheduled when the scheduler starts
2026-07-27 18:41:46,320 [INFO] Added job "cron_recuperar_carritos" to job store "default"
2026-07-27 18:41:46,320 [INFO] Added job "cron_reporte_mensual" to job store "default"
2026-07-27 18:41:46,320 [INFO] Added job "cron_respaldo_semanal" to job store "default"
2026-07-27 18:41:46,320 [INFO] Added job "robot_respaldos_diarios" to job store "default"
2026-07-27 18:41:46,320 [INFO] Scheduler started
2026-07-27 18:41:49,827 [INFO] Adding job tentatively -- it will be properly scheduled when the scheduler starts
2026-07-27 18:41:49,829 [INFO] Adding job tentatively -- it will be properly scheduled when the scheduler starts
2026-07-27 18:41:49,829 [INFO] Adding job tentatively -- it will be properly scheduled when the scheduler starts
2026-07-27 18:41:49,829 [INFO] Adding job tentatively -- it will be properly scheduled when the scheduler starts
2026-07-27 18:41:49,829 [INFO] Added job "cron_recuperar_carritos" to job store "default"
2026-07-27 18:41:49,830 [INFO] Added job "cron_reporte_mensual" to job store "default"
2026-07-27 18:41:49,830 [INFO] Added job "cron_respaldo_semanal" to job store "default"
2026-07-27 18:41:49,830 [INFO] Added job "robot_respaldos_diarios" to job store "default"
2026-07-27 18:41:49,830 [INFO] Scheduler started
2026-07-27 19:01:43,651 [INFO] Adding job tentatively -- it will be properly scheduled when the scheduler starts
2026-07-27 19:01:43,667 [INFO] Adding job tentatively -- it will be properly scheduled when the scheduler starts
2026-07-27 19:01:43,668 [INFO] Adding job tentatively -- it will be properly scheduled when the scheduler starts
2026-07-27 19:01:43,668 [INFO] Adding job tentatively -- it will be properly scheduled when the scheduler starts
2026-07-27 19:01:43,668 [INFO] Added job "cron_recuperar_carritos" to job store "default"
2026-07-27 19:01:43,668 [INFO] Added job "cron_reporte_mensual" to job store "default"
2026-07-27 19:01:43,669 [INFO] Added job "cron_respaldo_semanal" to job store "default"
2026-07-27 19:01:43,669 [INFO] Added job "robot_respaldos_diarios" to job store "default"
2026-07-27 19:01:43,669 [INFO] Scheduler started
2026-07-27 19:01:48,890 [INFO] Adding job tentatively -- it will be properly scheduled when the scheduler starts
2026-07-27 19:01:48,892 [INFO] Adding job tentatively -- it will be properly scheduled when the scheduler starts
2026-07-27 19:01:48,892 [INFO] Adding job tentatively -- it will be properly scheduled when the scheduler starts
2026-07-27 19:01:48,893 [INFO] Adding job tentatively -- it will be properly scheduled when the scheduler starts
2026-07-27 19:01:48,893 [INFO] Added job "cron_recuperar_carritos" to job store "default"
2026-07-27 19:01:48,893 [INFO] Added job "cron_reporte_mensual" to job store "default"
2026-07-27 19:01:48,893 [INFO] Added job "cron_respaldo_semanal" to job store "default"
2026-07-27 19:01:48,893 [INFO] Added job "robot_respaldos_diarios" to job store "default"
2026-07-27 19:01:48,893 [INFO] Scheduler started
2026-07-27 19:02:10,751 [INFO] Adding job tentatively -- it will be properly scheduled when the scheduler starts
2026-07-27 19:02:10,754 [INFO] Adding job tentatively -- it will be properly scheduled when the scheduler starts
2026-07-27 19:02:10,755 [INFO] Adding job tentatively -- it will be properly scheduled when the scheduler starts
2026-07-27 19:02:10,755 [INFO] Adding job tentatively -- it will be properly scheduled when the scheduler starts
2026-07-27 19:02:10,755 [INFO] Added job "cron_recuperar_carritos" to job store "default"
2026-07-27 19:02:10,755 [INFO] Added job "cron_reporte_mensual" to job store "default"
2026-07-27 19:02:10,755 [INFO] Added job "cron_respaldo_semanal" to job store "default"
2026-07-27 19:02:10,755 [INFO] Added job "robot_respaldos_diarios" to job store "default"
2026-07-27 19:02:10,755 [INFO] Scheduler started
2026-07-27 19:02:13,948 [INFO] Adding job tentatively -- it will be properly scheduled when the scheduler starts
2026-07-27 19:02:13,951 [INFO] Adding job tentatively -- it will be properly scheduled when the scheduler starts
2026-07-27 19:02:13,951 [INFO] Adding job tentatively -- it will be properly scheduled when the scheduler starts
2026-07-27 19:02:13,951 [INFO] Adding job tentatively -- it will be properly scheduled when the scheduler starts
2026-07-27 19:02:13,951 [INFO] Added job "cron_recuperar_carritos" to job store "default"
2026-07-27 19:02:13,951 [INFO] Added job "cron_reporte_mensual" to job store "default"
2026-07-27 19:02:13,951 [INFO] Added job "cron_respaldo_semanal" to job store "default"
2026-07-27 19:02:13,951 [INFO] Added job "robot_respaldos_diarios" to job store "default"
2026-07-27 19:02:13,951 [INFO] Scheduler started
2026-07-27 19:06:09,809 [INFO] Adding job tentatively -- it will be properly scheduled when the scheduler starts
2026-07-27 19:06:09,812 [INFO] Adding job tentatively -- it will be properly scheduled when the scheduler starts
2026-07-27 19:06:09,812 [INFO] Adding job tentatively -- it will be properly scheduled when the scheduler starts
2026-07-27 19:06:09,812 [INFO] Adding job tentatively -- it will be properly scheduled when the scheduler starts
2026-07-27 19:06:09,813 [INFO] Added job "cron_recuperar_carritos" to job store "default"
2026-07-27 19:06:09,813 [INFO] Added job "cron_reporte_mensual" to job store "default"
2026-07-27 19:06:09,813 [INFO] Added job "cron_respaldo_semanal" to job store "default"
2026-07-27 19:06:09,813 [INFO] Added job "robot_respaldos_diarios" to job store "default"
2026-07-27 19:06:09,813 [INFO] Scheduler started
2026-07-27 19:06:17,033 [INFO] Adding job tentatively -- it will be properly scheduled when the scheduler starts
2026-07-27 19:06:17,035 [INFO] Adding job tentatively -- it will be properly scheduled when the scheduler starts
2026-07-27 19:06:17,036 [INFO] Adding job tentatively -- it will be properly scheduled when the scheduler starts
2026-07-27 19:06:17,036 [INFO] Adding job tentatively -- it will be properly scheduled when the scheduler starts
2026-07-27 19:06:17,036 [INFO] Added job "cron_recuperar_carritos" to job store "default"
2026-07-27 19:06:17,036 [INFO] Added job "cron_reporte_mensual" to job store "default"
2026-07-27 19:06:17,036 [INFO] Added job "cron_respaldo_semanal" to job store "default"
2026-07-27 19:06:17,037 [INFO] Added job "robot_respaldos_diarios" to job store "default"
2026-07-27 19:06:17,037 [INFO] Scheduler started
2026-07-27 19:07:42,951 [INFO] Adding job tentatively -- it will be properly scheduled when the scheduler starts
2026-07-27 19:07:42,954 [INFO] Adding job tentatively -- it will be properly scheduled when the scheduler starts
2026-07-27 19:07:42,954 [INFO] Adding job tentatively -- it will be properly scheduled when the scheduler starts
2026-07-27 19:07:42,954 [INFO] Adding job tentatively -- it will be properly scheduled when the scheduler starts
2026-07-27 19:07:42,955 [INFO] Added job "cron_recuperar_carritos" to job store "default"
2026-07-27 19:07:42,955 [INFO] Added job "cron_reporte_mensual" to job store "default"
2026-07-27 19:07:42,955 [INFO] Added job "cron_respaldo_semanal" to job store "default"
2026-07-27 19:07:42,955 [INFO] Added job "robot_respaldos_diarios" to job store "default"
2026-07-27 19:07:42,955 [INFO] Scheduler started
2026-07-27 19:07:46,247 [INFO] Adding job tentatively -- it will be properly scheduled when the scheduler starts
2026-07-27 19:07:46,249 [INFO] Adding job tentatively -- it will be properly scheduled when the scheduler starts
2026-07-27 19:07:46,249 [INFO] Adding job tentatively -- it will be properly scheduled when the scheduler starts
2026-07-27 19:07:46,249 [INFO] Adding job tentatively -- it will be properly scheduled when the scheduler starts
2026-07-27 19:07:46,249 [INFO] Added job "cron_recuperar_carritos" to job store "default"
2026-07-27 19:07:46,250 [INFO] Added job "cron_reporte_mensual" to job store "default"
2026-07-27 19:07:46,250 [INFO] Added job "cron_respaldo_semanal" to job store "default"
2026-07-27 19:07:46,250 [INFO] Added job "robot_respaldos_diarios" to job store "default"
2026-07-27 19:07:46,250 [INFO] Scheduler started
2026-07-27 19:08:05,044 [INFO] Adding job tentatively -- it will be properly scheduled when the scheduler starts
2026-07-27 19:08:05,048 [INFO] Adding job tentatively -- it will be properly scheduled when the scheduler starts
2026-07-27 19:08:05,048 [INFO] Adding job tentatively -- it will be properly scheduled when the scheduler starts
2026-07-27 19:08:05,048 [INFO] Adding job tentatively -- it will be properly scheduled when the scheduler starts
2026-07-27 19:08:05,048 [INFO] Added job "cron_recuperar_carritos" to job store "default"
2026-07-27 19:08:05,048 [INFO] Added job "cron_reporte_mensual" to job store "default"
2026-07-27 19:08:05,049 [INFO] Added job "cron_respaldo_semanal" to job store "default"
2026-07-27 19:08:05,049 [INFO] Added job "robot_respaldos_diarios" to job store "default"
2026-07-27 19:08:05,049 [INFO] Scheduler started
2026-07-27 19:08:07,021 [INFO] Adding job tentatively -- it will be properly scheduled when the scheduler starts
2026-07-27 19:08:07,023 [INFO] Adding job tentatively -- it will be properly scheduled when the scheduler starts
2026-07-27 19:08:07,023 [INFO] Adding job tentatively -- it will be properly scheduled when the scheduler starts
2026-07-27 19:08:07,023 [INFO] Adding job tentatively -- it will be properly scheduled when the scheduler starts
2026-07-27 19:08:07,024 [INFO] Added job "cron_recuperar_carritos" to job store "default"
2026-07-27 19:08:07,024 [INFO] Added job "cron_reporte_mensual" to job store "default"
2026-07-27 19:08:07,024 [INFO] Added job "cron_respaldo_semanal" to job store "default"
2026-07-27 19:08:07,024 [INFO] Added job "robot_respaldos_diarios" to job store "default"
2026-07-27 19:08:07,024 [INFO] Scheduler started
2026-07-27 19:08:38,514 [INFO] Adding job tentatively -- it will be properly scheduled when the scheduler starts
2026-07-27 19:08:38,517 [INFO] Adding job tentatively -- it will be properly scheduled when the scheduler starts
2026-07-27 19:08:38,517 [INFO] Adding job tentatively -- it will be properly scheduled when the scheduler starts
2026-07-27 19:08:38,517 [INFO] Adding job tentatively -- it will be properly scheduled when the scheduler starts
2026-07-27 19:08:38,517 [INFO] Added job "cron_recuperar_carritos" to job store "default"
2026-07-27 19:08:38,517 [INFO] Added job "cron_reporte_mensual" to job store "default"
2026-07-27 19:08:38,518 [INFO] Added job "cron_respaldo_semanal" to job store "default"
2026-07-27 19:08:38,518 [INFO] Added job "robot_respaldos_diarios" to job store "default"
2026-07-27 19:08:38,518 [INFO] Scheduler started
2026-07-27 19:08:40,857 [INFO] Adding job tentatively -- it will be properly scheduled when the scheduler starts
2026-07-27 19:08:40,859 [INFO] Adding job tentatively -- it will be properly scheduled when the scheduler starts
2026-07-27 19:08:40,859 [INFO] Adding job tentatively -- it will be properly scheduled when the scheduler starts
2026-07-27 19:08:40,859 [INFO] Adding job tentatively -- it will be properly scheduled when the scheduler starts
2026-07-27 19:08:40,860 [INFO] Added job "cron_recuperar_carritos" to job store "default"
2026-07-27 19:08:40,860 [INFO] Added job "cron_reporte_mensual" to job store "default"
2026-07-27 19:08:40,860 [INFO] Added job "cron_respaldo_semanal" to job store "default"
2026-07-27 19:08:40,860 [INFO] Added job "robot_respaldos_diarios" to job store "default"
2026-07-27 19:08:40,860 [INFO] Scheduler started
2026-07-27 19:17:29,759 [INFO] Adding job tentatively -- it will be properly scheduled when the scheduler starts
2026-07-27 19:17:29,772 [INFO] Adding job tentatively -- it will be properly scheduled when the scheduler starts
2026-07-27 19:17:29,772 [INFO] Adding job tentatively -- it will be properly scheduled when the scheduler starts
2026-07-27 19:17:29,773 [INFO] Adding job tentatively -- it will be properly scheduled when the scheduler starts
2026-07-27 19:17:29,773 [INFO] Added job "cron_recuperar_carritos" to job store "default"
2026-07-27 19:17:29,774 [INFO] Added job "cron_reporte_mensual" to job store "default"
2026-07-27 19:17:29,774 [INFO] Added job "cron_respaldo_semanal" to job store "default"
2026-07-27 19:17:29,774 [INFO] Added job "robot_respaldos_diarios" to job store "default"
2026-07-27 19:17:29,774 [INFO] Scheduler started
2026-07-27 19:17:35,286 [INFO] Adding job tentatively -- it will be properly scheduled when the scheduler starts
2026-07-27 19:17:35,290 [INFO] Adding job tentatively -- it will be properly scheduled when the scheduler starts
2026-07-27 19:17:35,290 [INFO] Adding job tentatively -- it will be properly scheduled when the scheduler starts
2026-07-27 19:17:35,290 [INFO] Adding job tentatively -- it will be properly scheduled when the scheduler starts
2026-07-27 19:17:35,291 [INFO] Added job "cron_recuperar_carritos" to job store "default"
2026-07-27 19:17:35,291 [INFO] Added job "cron_reporte_mensual" to job store "default"
2026-07-27 19:17:35,291 [INFO] Added job "cron_respaldo_semanal" to job store "default"
2026-07-27 19:17:35,292 [INFO] Added job "robot_respaldos_diarios" to job store "default"
2026-07-27 19:17:35,292 [INFO] Scheduler started
2026-07-27 19:23:56,896 [INFO] Adding job tentatively -- it will be properly scheduled when the scheduler starts
2026-07-27 19:23:56,913 [INFO] Adding job tentatively -- it will be properly scheduled when the scheduler starts
2026-07-27 19:23:56,913 [INFO] Adding job tentatively -- it will be properly scheduled when the scheduler starts
2026-07-27 19:23:56,913 [INFO] Adding job tentatively -- it will be properly scheduled when the scheduler starts
2026-07-27 19:23:56,914 [INFO] Added job "cron_recuperar_carritos" to job store "default"
2026-07-27 19:23:56,914 [INFO] Added job "cron_reporte_mensual" to job store "default"
2026-07-27 19:23:56,914 [INFO] Added job "cron_respaldo_semanal" to job store "default"
2026-07-27 19:23:56,914 [INFO] Added job "robot_respaldos_diarios" to job store "default"
2026-07-27 19:23:56,915 [INFO] Scheduler started
2026-07-27 19:23:59,625 [INFO] Adding job tentatively -- it will be properly scheduled when the scheduler starts
2026-07-27 19:23:59,628 [INFO] Adding job tentatively -- it will be properly scheduled when the scheduler starts
2026-07-27 19:23:59,628 [INFO] Adding job tentatively -- it will be properly scheduled when the scheduler starts
2026-07-27 19:23:59,628 [INFO] Adding job tentatively -- it will be properly scheduled when the scheduler starts
2026-07-27 19:23:59,629 [INFO] Added job "cron_recuperar_carritos" to job store "default"
2026-07-27 19:23:59,629 [INFO] Added job "cron_reporte_mensual" to job store "default"
2026-07-27 19:23:59,629 [INFO] Added job "cron_respaldo_semanal" to job store "default"
2026-07-27 19:23:59,629 [INFO] Added job "robot_respaldos_diarios" to job store "default"
2026-07-27 19:23:59,629 [INFO] Scheduler started
2026-07-27 19:24:12,785 [INFO] Adding job tentatively -- it will be properly scheduled when the scheduler starts
2026-07-27 19:24:12,788 [INFO] Adding job tentatively -- it will be properly scheduled when the scheduler starts
2026-07-27 19:24:12,789 [INFO] Adding job tentatively -- it will be properly scheduled when the scheduler starts
2026-07-27 19:24:12,789 [INFO] Adding job tentatively -- it will be properly scheduled when the scheduler starts
2026-07-27 19:24:12,789 [INFO] Added job "cron_recuperar_carritos" to job store "default"
2026-07-27 19:24:12,790 [INFO] Added job "cron_reporte_mensual" to job store "default"
2026-07-27 19:24:12,790 [INFO] Added job "cron_respaldo_semanal" to job store "default"
2026-07-27 19:24:12,790 [INFO] Added job "robot_respaldos_diarios" to job store "default"
2026-07-27 19:24:12,790 [INFO] Scheduler started
2026-07-27 19:24:15,863 [INFO] Adding job tentatively -- it will be properly scheduled when the scheduler starts
2026-07-27 19:24:15,866 [INFO] Adding job tentatively -- it will be properly scheduled when the scheduler starts
2026-07-27 19:24:15,866 [INFO] Adding job tentatively -- it will be properly scheduled when the scheduler starts
2026-07-27 19:24:15,866 [INFO] Adding job tentatively -- it will be properly scheduled when the scheduler starts
2026-07-27 19:24:15,867 [INFO] Added job "cron_recuperar_carritos" to job store "default"
2026-07-27 19:24:15,867 [INFO] Added job "cron_reporte_mensual" to job store "default"
2026-07-27 19:24:15,867 [INFO] Added job "cron_respaldo_semanal" to job store "default"
2026-07-27 19:24:15,867 [INFO] Added job "robot_respaldos_diarios" to job store "default"
2026-07-27 19:24:15,867 [INFO] Scheduler started
2026-07-27 19:49:14,254 [INFO] Adding job tentatively -- it will be properly scheduled when the scheduler starts
2026-07-27 19:49:14,265 [INFO] Adding job tentatively -- it will be properly scheduled when the scheduler starts
2026-07-27 19:49:14,265 [INFO] Adding job tentatively -- it will be properly scheduled when the scheduler starts
2026-07-27 19:49:14,265 [INFO] Adding job tentatively -- it will be properly scheduled when the scheduler starts
2026-07-27 19:49:14,266 [INFO] Added job "cron_recuperar_carritos" to job store "default"
2026-07-27 19:49:14,266 [INFO] Added job "cron_reporte_mensual" to job store "default"
2026-07-27 19:49:14,266 [INFO] Added job "cron_respaldo_semanal" to job store "default"
2026-07-27 19:49:14,266 [INFO] Added job "robot_respaldos_diarios" to job store "default"
2026-07-27 19:49:14,266 [INFO] Scheduler started
2026-07-27 19:49:18,257 [INFO] Adding job tentatively -- it will be properly scheduled when the scheduler starts
2026-07-27 19:49:18,260 [INFO] Adding job tentatively -- it will be properly scheduled when the scheduler starts
2026-07-27 19:49:18,260 [INFO] Adding job tentatively -- it will be properly scheduled when the scheduler starts
2026-07-27 19:49:18,260 [INFO] Adding job tentatively -- it will be properly scheduled when the scheduler starts
2026-07-27 19:49:18,260 [INFO] Added job "cron_recuperar_carritos" to job store "default"
2026-07-27 19:49:18,260 [INFO] Added job "cron_reporte_mensual" to job store "default"
2026-07-27 19:49:18,260 [INFO] Added job "cron_respaldo_semanal" to job store "default"
2026-07-27 19:49:18,260 [INFO] Added job "robot_respaldos_diarios" to job store "default"
2026-07-27 19:49:18,260 [INFO] Scheduler started
2026-07-27 19:51:39,193 [INFO] Adding job tentatively -- it will be properly scheduled when the scheduler starts
2026-07-27 19:51:39,196 [INFO] Adding job tentatively -- it will be properly scheduled when the scheduler starts
2026-07-27 19:51:39,196 [INFO] Adding job tentatively -- it will be properly scheduled when the scheduler starts
2026-07-27 19:51:39,196 [INFO] Adding job tentatively -- it will be properly scheduled when the scheduler starts
2026-07-27 19:51:39,196 [INFO] Added job "cron_recuperar_carritos" to job store "default"
2026-07-27 19:51:39,197 [INFO] Added job "cron_reporte_mensual" to job store "default"
2026-07-27 19:51:39,197 [INFO] Added job "cron_respaldo_semanal" to job store "default"
2026-07-27 19:51:39,197 [INFO] Added job "robot_respaldos_diarios" to job store "default"
2026-07-27 19:51:39,197 [INFO] Scheduler started
2026-07-27 19:51:42,749 [INFO] Adding job tentatively -- it will be properly scheduled when the scheduler starts
2026-07-27 19:51:42,756 [INFO] Adding job tentatively -- it will be properly scheduled when the scheduler starts
2026-07-27 19:51:42,757 [INFO] Adding job tentatively -- it will be properly scheduled when the scheduler starts
2026-07-27 19:51:42,757 [INFO] Adding job tentatively -- it will be properly scheduled when the scheduler starts
2026-07-27 19:51:42,758 [INFO] Added job "cron_recuperar_carritos" to job store "default"
2026-07-27 19:51:42,758 [INFO] Added job "cron_reporte_mensual" to job store "default"
2026-07-27 19:51:42,758 [INFO] Added job "cron_respaldo_semanal" to job store "default"
2026-07-27 19:51:42,758 [INFO] Added job "robot_respaldos_diarios" to job store "default"
2026-07-27 19:51:42,758 [INFO] Scheduler started
2026-07-27 19:53:45,785 [INFO] Adding job tentatively -- it will be properly scheduled when the scheduler starts
2026-07-27 19:53:45,789 [INFO] Adding job tentatively -- it will be properly scheduled when the scheduler starts
2026-07-27 19:53:45,789 [INFO] Adding job tentatively -- it will be properly scheduled when the scheduler starts
2026-07-27 19:53:45,789 [INFO] Adding job tentatively -- it will be properly scheduled when the scheduler starts
2026-07-27 19:53:45,790 [INFO] Added job "cron_recuperar_carritos" to job store "default"
2026-07-27 19:53:45,790 [INFO] Added job "cron_reporte_mensual" to job store "default"
2026-07-27 19:53:45,790 [INFO] Added job "cron_respaldo_semanal" to job store "default"
2026-07-27 19:53:45,790 [INFO] Added job "robot_respaldos_diarios" to job store "default"
2026-07-27 19:53:45,790 [INFO] Scheduler started
2026-07-27 19:53:48,160 [INFO] Adding job tentatively -- it will be properly scheduled when the scheduler starts
2026-07-27 19:53:48,163 [INFO] Adding job tentatively -- it will be properly scheduled when the scheduler starts
2026-07-27 19:53:48,163 [INFO] Adding job tentatively -- it will be properly scheduled when the scheduler starts
2026-07-27 19:53:48,163 [INFO] Adding job tentatively -- it will be properly scheduled when the scheduler starts
2026-07-27 19:53:48,164 [INFO] Added job "cron_recuperar_carritos" to job store "default"
2026-07-27 19:53:48,164 [INFO] Added job "cron_reporte_mensual" to job store "default"
2026-07-27 19:53:48,164 [INFO] Added job "cron_respaldo_semanal" to job store "default"
2026-07-27 19:53:48,164 [INFO] Added job "robot_respaldos_diarios" to job store "default"
2026-07-27 19:53:48,164 [INFO] Scheduler started
2026-07-27 19:55:23,943 [INFO] Adding job tentatively -- it will be properly scheduled when the scheduler starts
2026-07-27 19:55:23,946 [INFO] Adding job tentatively -- it will be properly scheduled when the scheduler starts
2026-07-27 19:55:23,947 [INFO] Adding job tentatively -- it will be properly scheduled when the scheduler starts
2026-07-27 19:55:23,947 [INFO] Adding job tentatively -- it will be properly scheduled when the scheduler starts
2026-07-27 19:55:23,947 [INFO] Added job "cron_recuperar_carritos" to job store "default"
2026-07-27 19:55:23,947 [INFO] Added job "cron_reporte_mensual" to job store "default"
2026-07-27 19:55:23,947 [INFO] Added job "cron_respaldo_semanal" to job store "default"
2026-07-27 19:55:23,947 [INFO] Added job "robot_respaldos_diarios" to job store "default"
2026-07-27 19:55:23,947 [INFO] Scheduler started
2026-07-27 19:55:30,942 [INFO] Adding job tentatively -- it will be properly scheduled when the scheduler starts
2026-07-27 19:55:30,944 [INFO] Adding job tentatively -- it will be properly scheduled when the scheduler starts
2026-07-27 19:55:30,944 [INFO] Adding job tentatively -- it will be properly scheduled when the scheduler starts
2026-07-27 19:55:30,944 [INFO] Adding job tentatively -- it will be properly scheduled when the scheduler starts
2026-07-27 19:55:30,945 [INFO] Added job "cron_recuperar_carritos" to job store "default"
2026-07-27 19:55:30,945 [INFO] Added job "cron_reporte_mensual" to job store "default"
2026-07-27 19:55:30,945 [INFO] Added job "cron_respaldo_semanal" to job store "default"
2026-07-27 19:55:30,945 [INFO] Added job "robot_respaldos_diarios" to job store "default"
2026-07-27 19:55:30,945 [INFO] Scheduler started
2026-07-27 19:56:50,896 [INFO] Adding job tentatively -- it will be properly scheduled when the scheduler starts
2026-07-27 19:56:50,900 [INFO] Adding job tentatively -- it will be properly scheduled when the scheduler starts
2026-07-27 19:56:50,900 [INFO] Adding job tentatively -- it will be properly scheduled when the scheduler starts
2026-07-27 19:56:50,900 [INFO] Adding job tentatively -- it will be properly scheduled when the scheduler starts
2026-07-27 19:56:50,900 [INFO] Added job "cron_recuperar_carritos" to job store "default"
2026-07-27 19:56:50,901 [INFO] Added job "cron_reporte_mensual" to job store "default"
2026-07-27 19:56:50,901 [INFO] Added job "cron_respaldo_semanal" to job store "default"
2026-07-27 19:56:50,901 [INFO] Added job "robot_respaldos_diarios" to job store "default"
2026-07-27 19:56:50,901 [INFO] Scheduler started
2026-07-27 19:56:54,649 [INFO] Adding job tentatively -- it will be properly scheduled when the scheduler starts
2026-07-27 19:56:54,652 [INFO] Adding job tentatively -- it will be properly scheduled when the scheduler starts
2026-07-27 19:56:54,652 [INFO] Adding job tentatively -- it will be properly scheduled when the scheduler starts
2026-07-27 19:56:54,652 [INFO] Adding job tentatively -- it will be properly scheduled when the scheduler starts
2026-07-27 19:56:54,652 [INFO] Added job "cron_recuperar_carritos" to job store "default"
2026-07-27 19:56:54,652 [INFO] Added job "cron_reporte_mensual" to job store "default"
2026-07-27 19:56:54,652 [INFO] Added job "cron_respaldo_semanal" to job store "default"
2026-07-27 19:56:54,652 [INFO] Added job "robot_respaldos_diarios" to job store "default"
2026-07-27 19:56:54,652 [INFO] Scheduler started
